row_index_0_based,name,id,image_count,era,culture,decoration,shape_feature,texture,root_shape,condition
1925,新石器时代龙山文化黑陶罍,706643640068464fa36527aaa2b4ed12,13,新石器时代,龙山文化,,,黑陶,罍,完好
343,新石器时代龙山文化竹节筒陶杯,0F1CE998CD7540E6B84F6BC43691D104,2,新石器时代,龙山文化,,竹节筒,陶,杯,完好
429,新石器时代龙山文化黑陶罐,12FE14F006A247979DCD61EBFB1F82C2,4,新石器时代,龙山文化,,,黑陶,罐,完好
712,新石器时代龙山文化陶纺轮,245B2DAFBFD6407095AE687F31AA391C,3,新石器时代,龙山文化,,,陶,纺轮,完好
2794,新石器时代龙山文化黑褐色陶罐（残）,A85DA6DBEF5740509EAC755BEC38E838,2,新石器时代,龙山文化,,,黑褐色陶,罐,残
1402,新石器时代大汶口文化灰陶坠饰,4C6D65712E6B496A8A518CFC80E375B9,2,新石器时代,大汶口文化,,,灰陶,坠饰,完好
436,新石器时代大汶口文化彩绘红陶双耳罐,1354121A87774F0DB0FA2623C8A5F526,4,新石器时代,大汶口文化,彩绘,双耳,红陶,罐,完好
2815,新石器时代大汶口文化黑衣红褐陶镂孔高柄豆,A944BE9B81D44644BC56846035D7767F,8,新石器时代,大汶口文化,"黑衣, 镂孔",高柄,红褐陶,豆,完好
2613,新石器时代大汶口文化大口红陶尊,9C3B120B017F4E859D431486B47D3DAD,6,新石器时代,大汶口文化,,大口,红陶,尊,完好
1314,新石器时代大汶口文化红褐陶瓶,4681B315D9D744378D9791C50FC021DB,6,新石器时代,大汶口文化,,,红褐陶,瓶,完好
300,新石器时代大汶口文化灰陶罐,0BE9BC9D3FA84569A4FA933F8B805F6F,6,新石器时代,大汶口文化,,,灰陶,罐,完好
1796,新石器时代龙山文化黑陶盆,67FF6DBA9F7447BE81F03C0A61B8E177,6,新石器时代,龙山文化,,,黑陶,盆,完好
155,新石器时代龙山文化陶鬲,0422EA0116B84FAABD7383B9DA277ED4,4,新石器时代,龙山文化,,,陶,鬲,完好
2898,新石器时代大汶口文化灰陶环,AF42A5BF0D8340519EBBC8BD3D30B7FD,3,新石器时代,大汶口文化,,,灰陶,环,完好
1030,新石器时代大汶口文化白陶单把杯,3700000201862104B100421090530656,12,新石器时代,大汶口文化,,单把,白陶,杯,完好
3111,新石器时代大汶口文化灰陶高柄杯,BF2D3744FE10452AB2F795DCCE2C51FB,6,新石器时代,大汶口文化,,高柄,灰陶,杯,完好
3478,新石器时代大汶口文化陶支座,DD43A906B8B041329B1D4BED17C807B4,4,新石器时代,大汶口文化,,,陶,支座,完好
2947,新石器时代大汶口文化陶豆,B34252D527AC40AE8A27E1303CBB12F5,4,新石器时代,大汶口文化,,,陶,豆,完好
1759,新石器时代大汶口文化双耳红陶鼎,6566D382DABC4EBA81CB7D1DAE0497BD,5,新石器时代,大汶口文化,,双耳,红陶,鼎,完好
2127,新石器时代大汶口文化红陶双耳壶,7F116591D973435E98BEE822B6ABBDBB,3,新石器时代,大汶口文化,,双耳,红陶,壶,完好
2640,新石器时代大汶口文化夹砂红褐陶罐,9E5C3DE70C6546A98A95E0F4BB163813,6,新石器时代,大汶口文化,,,夹砂红褐陶,罐,完好
1421,新石器时代大汶口文化灰陶筒形杯,4E110E0F161B45F1A3FF09EE09B44951,6,新石器时代,大汶口文化,,筒形,灰陶,杯,完好
1872,新石器时代大汶口文化灰陶罐,6D19576D5682400F8F0ED13B3D001A11,7,新石器时代,大汶口文化,,,灰陶,罐,完好
2868,新石器时代大汶口文化陶纺轮,ACEDB9972ED34AC580CA0FD848D6BF07,4,新石器时代,大汶口文化,,,陶,纺轮,完好
2423,新石器时代大汶口文化陶罐,8f736b754e594709860317748cefa264,4,新石器时代,大汶口文化,,,陶,罐,完好
3434,新石器时代龙山文化白陶觚,D9E25ACF57014889BFC86C45C893AA2F,3,新石器时代,龙山文化,,,白陶,觚,完好
1339,新石器时代大汶口文化红陶鼎,485799E3990F4E43B0266275C8020098,3,新石器时代,大汶口文化,,,红陶,鼎,完好
564,新石器时代夹砂陶碗,1D20CCA2E3EC4A60BFA6365F16426ACF,6,新石器时代,,,,夹砂陶,碗,完好
2326,新石器时代龙山文化夹砂褐陶器盖,8986BD18AAE04664B9553E731BED217F,6,新石器时代,龙山文化,,,夹砂褐陶,器盖,完好
551,新石器时代龙山文化黑陶器盖,1C1364B1697A49DE8DE8A3C3653076EE,6,新石器时代,龙山文化,,,黑陶,器盖,完好
2765,新石器时代龙山文化黑陶双耳罐,A6137DF16FF842189E3AC6ABCD889939,3,新石器时代,龙山文化,,双耳,黑陶,罐,完好
312,新石器时代龙山文化蛋壳陶杯,0C60D4D4256B4C428B31C7BD6E471C06,6,新石器时代,龙山文化,,蛋壳,陶,杯,完好
3976,新石器时代龙山文化黑陶罐,c41cfca1117c43fd9a68b70c70c3c66c,5,新石器时代,龙山文化,,,黑陶,罐,完好
36,器盖,410c158f425f4f04985ea2d7279e8e87,1,,,,,,器盖,完好
1833,新石器时代大汶口文化灰陶筒形杯,6AF5182D3C7D4E2C989E5C24F3E6D0F2,6,新石器时代,大汶口文化,,筒形,灰陶,杯,完好
22,鼎,1b9e9e00b9dd44f69f1e5c68dbcfa7e6,1,,,,,,鼎,完好
1992,新石器时代龙山文化红褐陶单把杯,7536D70725844EAF899E8EA19C88E41E,6,新石器时代,龙山文化,,单把,红褐陶,杯,完好
836,新石器时代大汶口文化灰陶杯,2E7E80632CF14709A0586EF4024BAAC5,6,新石器时代,大汶口文化,,,灰陶,杯,完好
1124,新石器时代大汶口文化褐陶鼎,39CD46D6550B4577AB7594C00B875FB7,5,新石器时代,大汶口文化,,,褐陶,鼎,完好
3914,新石器时代灰褐色陶鼎,a91bb6156ceb41e890ccad3c995a8f25,6,新石器时代,,,,灰褐色陶,鼎,完好
2723,新石器时代夹砂红陶罐,A31F743DFA4D4D23A7BD2AB8051BFD92,5,新石器时代,,,,夹砂红陶,罐,完好
1755,新石器时代龙山文化黑陶纺轮,64FCD03A382742629D6C9DE4C335A846,3,新石器时代,龙山文化,,,黑陶,纺轮,完好
1126,新石器时代大汶口文化黑衣褐陶豆,39E57152BA7447B388E3D6994B6F4234,7,新石器时代,大汶口文化,黑衣,,褐陶,豆,完好
1716,新石器时代大汶口文化灰陶筒形杯,62B7CA446619431FB3FB6578FFB4FF1F,6,新石器时代,大汶口文化,,筒形,灰陶,杯,完好
2248,新石器时代龙山文化黑陶碗,85CCACA0172E467399AE58E0CF43527F,3,新石器时代,龙山文化,,,黑陶,碗,完好
426,新石器时代大汶口文化灰陶瓶,12B395ACD6D049A58AF72A2C8E85D8B0,6,新石器时代,大汶口文化,,,灰陶,瓶,完好
618,新石器时代龙山文化黑陶盖鼎,1b8a261db21845ddb3b3d4021e0168e5,7,新石器时代,龙山文化,,盖,黑陶,鼎,完好
3017,新石器时代大汶口文化红陶鼎,B86AA42A1BAD441EBB583487637FE0E8,3,新石器时代,大汶口文化,,,红陶,鼎,完好
2305,新石器时代龙山文化灰陶杯,88A220C062834F1EBC106527B531B365,3,新石器时代,龙山文化,,,灰陶,杯,完好
2965,新石器时代大汶口文化红陶壶,B4E2675743DA475B97D59FCEF1505CB6,3,新石器时代,大汶口文化,,,红陶,壶,完好
3342,新石器时代龙山文化黑陶双耳盆,D2EE3EF6ED9542AD89DD21BBD98D87BF,4,新石器时代,龙山文化,,双耳,黑陶,盆,完好
721,新石器时代大汶口文化红陶钵,25386860317641CFBFD827B29AEAADC6,3,新石器时代,大汶口文化,,,红陶,钵,完好
1450,新石器时代龙山文化黑陶三足小壶,4e378b90ef6844c6bf8bce31c1af2015,4,新石器时代,龙山文化,,三足,黑陶,壶,完好
3474,新石器时代大汶口文化陶杯,DCB32E650BE041EF9F0E655E792CE0FF,5,新石器时代,大汶口文化,,,陶,杯,完好
1809,新石器时代大汶口文化红褐陶镂孔高柄豆,6923A2804F9E4DCF8A6D168EF1FE6E16,6,新石器时代,大汶口文化,镂孔,高柄,红褐陶,豆,完好
3207,新石器时代大汶口文化白陶豆,C686D09D28E64D8CA66E891162A640C6,3,新石器时代,大汶口文化,,,白陶,豆,完好
3915,新石器时代大汶口文化陶匜,aa1051a96d4341a58c1692e28fd36a77,5,新石器时代,大汶口文化,,,陶,匜,完好
3190,新石器时代龙山文化黑陶杯,C53F88D8EE1F4C109EBF2ECE8F10C1E2,3,新石器时代,龙山文化,,,黑陶,杯,完好
2178,新石器时代大汶口文化彩陶壶,81EA8CF1E02D4685B92759674D825C9B,6,新石器时代,大汶口文化,彩,,陶,壶,完好
1969,新石器时代红陶拍,7381B59099494F22BDDE6C831864BF4A,7,新石器时代,,,,红陶,拍,完好
1516,新石器时代大汶口文化红陶鼎,544C90C24F2A47B4A585EDDF260B3F78,5,新石器时代,大汶口文化,,,红陶,鼎,完好
1839,新石器时代龙山文化陶片,6B48E9722D25468A923E22FC095C8C7A,2,新石器时代,龙山文化,,,陶,片,完好
2884,新石器时代大汶口文化红灰陶器,AE10483F3F6D4015A36702E47ED4B33B,6,新石器时代,大汶口文化,,,红灰陶,器,完好
3394,新石器时代大汶口文化夹砂灰陶鼎,D6C7B5CDD9364ADF88067B37949DEEE2,5,新石器时代,大汶口文化,,,夹砂灰陶,鼎,完好
896,新石器时代大汶口文化红陶鬶,31c779da084f4f71b396a7572b806e07,3,新石器时代,大汶口文化,,,红陶,鬶,完好
2333,新石器时代龙山文化夹砂灰褐陶器盖,8A1028CBEAE34F778664D0EBEBA52D04,6,新石器时代,龙山文化,,,夹砂灰褐陶,器盖,完好
3046,新石器时代大汶口文化红陶折腹鼎,BA2556228C1641DE87441D3A1B4ECA0F,3,新石器时代,大汶口文化,,折腹,红陶,鼎,完好
2478,新石器时代夹砂黑陶鼎,93285FEDF4C24134A1B6418E01BAF81D,6,新石器时代,,,,夹砂黑陶,鼎,完好
2576,新石器时代龙山文化陶壶,99df56fec34a4a838f64674a9bd4902c,3,新石器时代,龙山文化,,,陶,壶,完好
2669,新石器时代龙山文化黑陶壶,9be4a9ea64e64fa5aa98095655c75e0a,4,新石器时代,龙山文化,,,黑陶,壶,完好
2474,新石器时代龙山文化灰褐陶器盒,93114E8CD1E64854A7D5F3F1B36F058D,6,新石器时代,龙山文化,,,灰褐陶,器盒,完好
307,新石器时代龙山文化黑陶鼎,0C3A340B8DAF44F59701B2005E272F21,3,新石器时代,龙山文化,,,黑陶,鼎,完好
3018,新石器时代大汶口文化夹砂灰陶筒形杯,B890E4926F25447EABC294B971A2CC6D,8,新石器时代,大汶口文化,,筒形,夹砂灰陶,杯,完好
13,陶罐,0e5c3f852987458b931bcf7a6cf40cf2,1,,,,,陶,罐,完好
135,新石器时代大汶口文化陶瓶,02C21DCB8C8040E7A3AD6BFA6CEACDB5,6,新石器时代,大汶口文化,,,陶,瓶,完好
341,新石器时代龙山文化黄褐陶器盖（残）,0F1A2A824B414074821684E7C0C7D1CD,2,新石器时代,龙山文化,,,黄褐陶,器盖,残
2246,新石器时代大汶口文化泥质彩陶豆形杯,85A1393337EB44AB8761E799E5AB6ABE,9,新石器时代,大汶口文化,彩,豆形,泥质陶,杯,完好
3818,新石器时代黑陶杯,FA21348A1D97413294083904EAB2EAFE,6,新石器时代,,,,黑陶,杯,完好
2558,新石器时代大汶口文化彩绘红陶背壶,98D8AD42FF3C49FC8E274C319D999984,3,新石器时代,大汶口文化,彩绘,,红陶,背壶,完好
3381,新石器时代龙山文化红褐陶球,D5CC6EAC1762451DBB00877252152C06,6,新石器时代,龙山文化,,,红褐陶,球,完好
2390,新石器时代龙山文化灰陶盆形鼎,8E4AAB9855BC43B296ACFEDF9ADC7170,3,新石器时代,龙山文化,,盆形,灰陶,鼎,完好
3649,新石器时代大汶口文化灰陶单耳杯,EAD251901CE146808A159D96053D56D0,3,新石器时代,大汶口文化,,单耳,灰陶,杯,完好
1888,新石器时代大汶口文化黑衣褐陶瓮,6DC520CEFF8B469E96C99793F6C20555,6,新石器时代,大汶口文化,黑衣,,褐陶,瓮,完好
1903,新石器时代龙山文化黑陶背壶,6ED95495D4AE49D682C20A0261844C2E,6,新石器时代,龙山文化,,背壶,黑陶,壶,完好
1217,新石器时代大汶口文化灰陶环,40530DBB63BF47E79E6F41AEB4283F5B,3,新石器时代,大汶口文化,,,灰陶,环,完好
2816,新石器时代大汶口文化灰陶盉,A97EC58A919940A0A993F608663FF8D6,6,新石器时代,大汶口文化,,,灰陶,盉,完好
3220,新石器时代黑陶单耳壶,C8414046B7EB4B34A5047A13E2CF7A15,6,新石器时代,,,单耳,黑陶,壶,完好
669,新石器时代大汶口文化夹砂灰陶漏器,21BA5FBAB5AB4BC58188278AF381105A,6,新石器时代,大汶口文化,,,夹砂灰陶,漏器,完好
2346,新石器时代龙山文化黑灰陶器,8B11790479E34673867443DB611B2875,6,新石器时代,龙山文化,,,黑灰陶,器,完好
2363,新石器时代龙山文化黑褐陶盖罐,8C5FAEF57E39482AA042C4A53DA6EBAF,7,新石器时代,龙山文化,,盖,黑褐陶,罐,完好
2606,新石器时代龙山文化黑陶薄胎高柄杯,9BE04E18B5594C95BB0FCB50D8E74AD8,7,新石器时代,龙山文化,,"薄胎, 高柄",黑陶,杯,完好
1145,新石器时代黑陶罐,3BF1C86FA5D9434E932CD072B2E90033,3,新石器时代,,,,黑陶,罐,完好
3130,新石器时代龙山文化褐陶器物盖,C02989C894AE4033AB7089FE3A9A9A4D,5,新石器时代,龙山文化,,,褐陶,器物盖,完好
2035,新石器时代大汶口文化褐陶盌,78A30BF5E6D54C0787B56FEB313F3F25,4,新石器时代,大汶口文化,,,褐陶,盌,完好
655,新石器时代大汶口文化泥质灰陶背水壶,20F6EBDDBF93400DB7A5F31989AFB74C,6,新石器时代,大汶口文化,,背水壶,泥质灰陶,壶,完好
3758,新石器时代龙山文化黑陶盆,F4D1ED8D6AEE4083BACE74623EBB4218,4,新石器时代,龙山文化,,,黑陶,盆,完好
2539,新石器时代大汶口文化灰陶镂孔豆,979E3C901DE44FBC9184F19380E93BDB,6,新石器时代,大汶口文化,镂孔,,灰陶,豆,完好
494,新石器时代大汶口文化白陶杯,176feb66f389486f8e7c268fc7c14e60,14,新石器时代,大汶口文化,,,白陶,杯,完好
3925,新石器时代龙山文化白陶鬶,af6ec5cd7a02487a8ad6908831af8bc8,6,新石器时代,龙山文化,,,白陶,鬶,完好
553,新石器时代大汶口文化灰陶镂孔高柄豆,1C7F2AC79CD84743A4A504C5B1D5441C,5,新石器时代,大汶口文化,镂孔,高柄,灰陶,豆,完好
