id,original_name,image_file,qwen_reasoning,qwen_era,qwen_culture,qwen_decoration,qwen_shape_feature,qwen_texture,qwen_root_shape,qwen_name
706643640068464fa36527aaa2b4ed12,新石器时代龙山文化黑陶罍,706643640068464fa36527aaa2b4ed12_0.jpg,器物通体呈黑色，表面光滑但有剥落痕迹，显为黑陶；器身两侧有对称桥形耳，颈部较短、肩部圆鼓、腹部下收，整体造型符合‘罍’的典型特征；无明显纹饰或彩绘，属素面黑陶；结合形制与黑陶工艺，高度契合龙山文化晚期典型器类。,新石器时代,龙山文化,,双耳,黑陶,罍,新石器时代龙山文化黑陶双耳罍
0F1CE998CD7540E6B84F6BC43691D104,新石器时代龙山文化竹节筒陶杯,0F1CE998CD7540E6B84F6BC43691D104_0.jpg,器身呈筒状，外壁有明显凸起的横向棱脊，形似竹节；胎体较厚，表面粗糙可见砂粒，属夹砂陶；整体呈黑褐色，内壁及部分残片露白胎，应为烧制时火候不均所致，典型龙山文化黑陶特征；无彩绘、绳纹等装饰，仅靠造型形成‘竹节’效果；器型为直筒小杯，与山东龙山文化常见竹节筒形杯一致。,新石器时代,龙山文化,,竹节筒,夹砂黑褐陶,杯,新石器时代龙山文化夹砂黑褐陶竹节筒杯
12FE14F006A247979DCD61EBFB1F82C2,新石器时代龙山文化黑陶罐,12FE14F006A247979DCD61EBFB1F82C2_0.jpg,陶器为球形腹、小口、无耳无足，表面粗糙可见砂粒，呈灰褐色，无明显纹饰或彩绘，属典型夹砂灰褐陶；器型为敞口小罐，破损严重但整体轮廓可辨；龙山文化常见夹砂灰陶罐，但此器无黑陶典型特征（如蛋壳薄、乌黑光亮），更接近一般灰褐夹砂陶，文化归属存疑，暂不强定；年代应为新石器时代晚期。,新石器时代晚期,,,,夹砂灰褐陶,罐,新石器时代晚期夹砂灰褐陶罐
245B2DAFBFD6407095AE687F31AA391C,新石器时代龙山文化陶纺轮,245B2DAFBFD6407095AE687F31AA391C_0.jpg,该器物为扁平圆饼状，中央有穿孔，表面素面无纹饰，质地呈灰褐色、质地较致密，符合龙山文化晚期常见泥质灰陶纺轮特征；形制典型，属纺织工具纺轮。,新石器时代,龙山文化,,,泥质灰陶,纺轮,新石器时代龙山文化泥质灰陶纺轮
A85DA6DBEF5740509EAC755BEC38E838,新石器时代龙山文化黑褐色陶罐（残）,A85DA6DBEF5740509EAC755BEC38E838_0.jpg,陶片呈灰黑色至黑褐色，质地粗糙、断面可见砂粒，属夹砂陶；表面无明显彩绘、绳纹或附加堆纹等装饰，仅见部分弧形器壁残片，推测为罐类器物的腹部或肩部残片；整体风格与龙山文化晚期典型夹砂灰黑陶一致，但缺乏明确文化标识特征，故文化归属谨慎处理。,新石器时代,龙山文化,,,夹砂黑褐陶,罐,新石器时代龙山文化夹砂黑褐陶罐
4C6D65712E6B496A8A518CFC80E375B9,新石器时代大汶口文化灰陶坠饰,4C6D65712E6B496A8A518CFC80E375B9_0.jpg,该器物为细长尖状石质（非陶）薄片，中部有一穿孔，表面呈灰黑色、质地致密无砂粒，应为磨制石器而非陶器；其形制与新石器时代大汶口文化常见石坠饰（或称石镞形坠）高度吻合，但材质为石非陶，故原表‘灰陶坠饰’定名有误。,新石器时代,大汶口文化,素面,尖叶形、单孔,灰黑石,坠饰,新石器时代大汶口文化素面灰黑石尖叶形单孔坠饰
1354121A87774F0DB0FA2623C8A5F526,新石器时代大汶口文化彩绘红陶双耳罐,1354121A87774F0DB0FA2623C8A5F526_0.jpg,陶器为红褐色，表面粗糙可见砂粒，属夹砂红陶；器身中部有明显附加堆纹（呈带状凸起），肩部对称设两个小系耳（非典型大耳，但具穿绳功能）；器形为小口、鼓腹、平底，整体为典型罐形；无彩绘、绳纹或镂孔等装饰，附加堆纹是主要特征；综合形制与工艺特征，符合大汶口文化中晚期夹砂陶罐常见类型。,新石器时代,大汶口文化,附加堆纹,双系耳,夹砂红陶,罐,新石器时代大汶口文化附加堆纹夹砂红陶双系耳罐
A944BE9B81D44644BC56846035D7767F,新石器时代大汶口文化黑衣红褐陶镂孔高柄豆,A944BE9B81D44644BC56846035D7767F_0.jpg,该器为高柄豆形制，浅盘、细高柄、喇叭形圈足；柄部有三处明显圆形镂孔（上下分布），属典型镂孔装饰；胎体呈灰褐色，表面局部残留白色涂层（可能为白陶衣或烧成后氧化层），整体质地较致密，无明显沙粒，应为泥质灰陶；器型与大汶口文化中晚期高柄豆高度吻合，尤其镂孔高柄豆是其标志性器类。,新石器时代,大汶口文化,镂孔,高柄,泥质灰陶,豆,新石器时代大汶口文化镂孔高柄泥质灰陶豆
9C3B120B017F4E859D431486B47D3DAD,新石器时代大汶口文化大口红陶尊,9C3B120B017F4E859D431486B47D3DAD_0.jpg,器物呈倒锥形，口大底小，通体表面可见细密平行的横向刮抹痕或浅绳纹痕迹，局部残留淡红彩（非典型彩绘，似为施红衣后磨光或残存），质地粗糙、胎体厚实，含明显砂粒，属夹砂红陶；器型与大汶口文化晚期常见‘尊’类礼器高度吻合，尤其符合‘大口、深腹、矮圈足’特征。,新石器时代,大汶口文化,红衣（残）、浅绳纹,大口、倒锥形,夹砂红陶,尊,新石器时代大汶口文化红衣浅绳纹夹砂红陶大口倒锥形尊
4681B315D9D744378D9791C50FC021DB,新石器时代大汶口文化红褐陶瓶,4681B315D9D744378D9791C50FC021DB_0.jpg,器身呈细长筒状，上部微侈口，下部收束至底，无耳、足等附加结构；表面粗糙，可见砂粒，呈红褐色，属夹砂红褐陶；口沿有白色附着物（可能为后期钙化或残留涂料），但无明确纹饰、彩绘或堆塑装饰；形制近似小型盛贮或礼仪用具，常见于新石器时代中晚期，结合其高瘦筒形特征，与大汶口文化晚期至龙山文化早期的‘筒形杯’或‘细颈瓶’类似，但更倾向定为‘杯’类；因无典型纹饰与明确文化标识，暂依形制与质地保守归入新石器时代，文化归属存疑，但参考同类器多见于大汶口文化晚期。,新石器时代,大汶口文化,,细颈筒形,夹砂红褐陶,杯,新石器时代大汶口文化夹砂红褐陶细颈筒形杯
0BE9BC9D3FA84569A4FA933F8B805F6F,新石器时代大汶口文化灰陶罐,0BE9BC9D3FA84569A4FA933F8B805F6F_0.jpg,器物为灰陶质地，表面布满细密开裂的冰裂纹（即‘开片’，但属烧成后自然裂痕，非人为装饰），无明显纹饰、附加堆纹或耳足等特征；器形为小口、鼓腹、平底，属典型罐类；整体风格朴素，符合大汶口文化中晚期至龙山文化早期过渡阶段泥质灰陶罐特征，但因缺乏典型文化标识（如彩绘、特定纹样或特殊造型），文化归属存疑，暂依常见定名惯例参考原表倾向定为大汶口文化。,新石器时代,大汶口文化,,,泥质灰陶,罐,新石器时代大汶口文化泥质灰陶罐
67FF6DBA9F7447BE81F03C0A61B8E177,新石器时代龙山文化黑陶盆,67FF6DBA9F7447BE81F03C0A61B8E177_0.jpg,器物为敞口、斜腹、平底浅盆形，外壁呈黑褐色（局部有烧制不均的褐斑），内壁为灰白色胎体，表面无明显纹饰，质地致密细腻，属典型龙山文化黑陶特征；器口沿一侧有明显流口状凸出，应为实用倾倒功能设计，但非标准‘匜’形，仍归类为盆；结合山东地区出土同类器及‘文物山东’水印，可确认为龙山文化黑陶盆。,新石器时代,龙山文化,,流口,黑陶,盆,新石器时代龙山文化黑陶流口盆
0422EA0116B84FAABD7383B9DA277ED4,新石器时代龙山文化陶鬲,0422EA0116B84FAABD7383B9DA277ED4_0.jpg,该器为三足袋状腹、敞口、唇缘呈花边状，典型龙山文化晚期陶鬲特征；胎体粗糙可见砂粒，呈灰黑色，属夹砂灰陶；表面无明显彩绘或压印纹饰，仅见少量手制痕迹；器身编号'3-091'及标签为现代考古编号，不影响断代；三足与袋腹结构明确指向'鬲'类炊器。,新石器时代,龙山文化,,三足袋腹,夹砂灰陶,鬲,新石器时代龙山文化夹砂灰陶三足袋腹鬲
AF42A5BF0D8340519EBBC8BD3D30B7FD,新石器时代大汶口文化灰陶环,AF42A5BF0D8340519EBBC8BD3D30B7FD_0.jpg,该器物为残段，呈弧形环状，表面光滑无明显沙粒，颜色浅灰，局部可见红色彩绘痕迹（细线状），推测为陶制环形饰件或器耳残片；结合大汶口文化常见灰陶与彩绘特征，暂定为大汶口文化灰陶彩绘环。,新石器时代,大汶口文化,彩绘,环形,灰陶,环,新石器时代大汶口文化彩绘灰陶环形环
3700000201862104B100421090530656,新石器时代大汶口文化白陶单把杯,3700000201862104B100421090530656_0.jpg,器物呈乳白色，胎质细腻致密，无明显砂粒，属典型白陶；一侧附有单柄（非耳），器身鼓腹、口沿外侈、下接圈足或矮足（图中仅见侧面，但整体轮廓符合单把杯特征）；无彩绘、绳纹等装饰；形制与大汶口文化晚期至龙山文化早期白陶单把杯高度一致，尤以大汶口文化白陶器最为典型。,新石器时代,大汶口文化,,单把,白陶,杯,新石器时代大汶口文化白陶单把杯
BF2D3744FE10452AB2F795DCCE2C51FB,新石器时代大汶口文化灰陶高柄杯,BF2D3744FE10452AB2F795DCCE2C51FB_0.jpg,该器物为残件，可见一细长柄与残存杯体，柄部近底端有红色彩绘痕迹（局部红彩），整体呈浅灰褐色，质地细腻无明显砂粒，应为泥质陶；器形属高柄杯，常见于大汶口文化中晚期，结合其高柄、浅灰陶色及局部红彩特征，可判定为大汶口文化典型器。,新石器时代,大汶口文化,彩绘,高柄,泥质灰陶,杯,新石器时代大汶口文化彩绘泥质灰陶高柄杯
DD43A906B8B041329B1D4BED17C807B4,新石器时代大汶口文化陶支座,DD43A906B8B041329B1D4BED17C807B4_0.jpg,器物呈矮圆台状，表面粗糙可见砂粒，为夹砂陶；颜色灰褐偏红，无明显纹饰或装饰；形制为中空或实心支撑类器物，符合新石器时代大汶口文化常见陶支座特征（用于支撑炊器底部）；整体素面无纹，质地为夹砂灰褐陶。,新石器时代,大汶口文化,,,夹砂灰褐陶,支座,新石器时代大汶口文化夹砂灰褐陶支座
B34252D527AC40AE8A27E1303CBB12F5,新石器时代大汶口文化陶豆,B34252D527AC40AE8A27E1303CBB12F5_0.jpg,该器为高柄浅盘形，具典型豆的结构（浅盘+高圈足），胎体较薄、表面相对光滑无明显沙粒，呈灰褐色调，部分区域有白色修复痕迹；无明显彩绘、绳纹或镂孔等装饰，属素面泥质灰陶；形制与大汶口文化中晚期常见高柄豆高度吻合。,新石器时代,大汶口文化,,高柄,泥质灰陶,豆,新石器时代大汶口文化泥质灰陶高柄豆
6566D382DABC4EBA81CB7D1DAE0497BD,新石器时代大汶口文化双耳红陶鼎,6566D382DABC4EBA81CB7D1DAE0497BD_0.jpg,器物为夹砂红褐陶质地，表面粗糙可见砂粒；腹部两侧有对称小耳，底部三足呈锥形外撇，口沿外侈、鼓腹，整体造型符合鼎的典型特征；无明显纹饰或彩绘，但三足与双耳是显著外形特征；结合新石器时代中晚期常见于大汶口文化晚期至龙山文化早期的此类三足双耳鼎形制，推测属大汶口文化晚期。,新石器时代,大汶口文化,,双耳三足,夹砂红褐陶,鼎,新石器时代大汶口文化夹砂红褐陶双耳三足鼎
7F116591D973435E98BEE822B6ABBDBB,新石器时代大汶口文化红陶双耳壶,7F116591D973435E98BEE822B6ABBDBB_0.jpg,陶器为红褐色胎体，表面粗糙可见砂粒，属夹砂红褐陶；口沿外侈、颈微束、鼓腹、肩部对称设两个小系耳，整体呈壶形；无明显彩绘、绳纹等装饰，仅局部残留白色涂层（可能为后期附着或原始白衣痕迹，但不构成典型装饰特征），故装饰项留空；器型符合新石器时代中晚期常见双耳壶特征，结合双耳、鼓腹、夹砂红褐陶质地，与大汶口文化中晚期遗存高度吻合。,新石器时代,大汶口文化,,双耳,夹砂红褐陶,壶,新石器时代大汶口文化夹砂红褐陶双耳壶
9E5C3DE70C6546A98A95E0F4BB163813,新石器时代大汶口文化夹砂红褐陶罐,9E5C3DE70C6546A98A95E0F4BB163813_0.jpg,器物为小型陶容器，胎体较厚、表面粗糙可见砂粒，呈红褐色，口沿内侧及部分外壁有白色涂抹层（可能为泥浆敷面或残余白衣），无明显纹饰或附加特征；整体形制为敞口、鼓腹、小平底，属典型新石器时代早期至中期的实用陶罐，结合地域与形制特征，可暂归为大汶口文化早期类型。,新石器时代,大汶口文化,白衣,,夹砂红褐陶,罐,新石器时代大汶口文化白衣夹砂红褐陶罐
4E110E0F161B45F1A3FF09EE09B44951,新石器时代大汶口文化灰陶筒形杯,4E110E0F161B45F1A3FF09EE09B44951_0.jpg,器物为筒状直腹，上口微侈，无明显耳足等附加结构；胎体较厚，表面粗糙可见砂粒，呈灰褐色，属夹砂灰陶；无彩绘、绳纹等装饰；形制与大汶口文化晚期至龙山文化早期常见筒形杯高度吻合，尤其符合大汶口文化中晚期墓葬出土的素面夹砂灰陶筒形杯特征。,新石器时代,大汶口文化,,筒形,夹砂灰陶,杯,新石器时代大汶口文化夹砂灰陶筒形杯
6D19576D5682400F8F0ED13B3D001A11,新石器时代大汶口文化灰陶罐,6D19576D5682400F8F0ED13B3D001A11_0.jpg,器物为灰陶质地，表面无明显纹饰或彩绘，胎体较薄、质地细腻（未见砂粒，应为泥质），器形为敞口、鼓腹、小平底的直筒状罐形；从整体形态与灰陶特征看，符合大汶口文化晚期至龙山文化早期过渡阶段常见素面灰陶罐的典型风格，但缺乏明确文化标识性特征（如附加堆纹、镂孔等），故文化归属暂定为大汶口文化（参考馆藏同类修复标本惯例）。,新石器时代,大汶口文化,,,泥质灰陶,罐,新石器时代大汶口文化泥质灰陶罐
ACEDB9972ED34AC580CA0FD848D6BF07,新石器时代大汶口文化陶纺轮,ACEDB9972ED34AC580CA0FD848D6BF07_0.jpg,该器物为扁圆饼状，中央有穿孔，表面粗糙可见砂粒，呈红褐色，属典型夹砂红褐陶质地；形制符合新石器时代纺轮特征，大汶口文化常见此类夹砂红褐陶纺轮，无明显纹饰或附加特征。,新石器时代,大汶口文化,,,夹砂红褐陶,纺轮,新石器时代大汶口文化夹砂红褐陶纺轮
8f736b754e594709860317748cefa264,新石器时代大汶口文化陶罐,8f736b754e594709860317748cefa264_0.jpg,陶器呈灰褐色，胎体较厚、表面粗糙可见砂粒，属夹砂灰陶；器身有明显纵向裂痕（为后期破损，非原始纹饰），无任何装饰纹样；器形为小口、鼓腹、平底，属典型罐类；整体风格简朴，符合新石器时代晚期黄河中下游地区常见陶罐特征，但缺乏明确文化标识性特征（如大汶口彩绘、龙山黑陶或典型绳纹），故文化归属暂不确指。,新石器时代晚期,,,,夹砂灰陶,罐,新石器时代晚期夹砂灰陶罐
D9E25ACF57014889BFC86C45C893AA2F,新石器时代龙山文化白陶觚,D9E25ACF57014889BFC86C45C893AA2F_0.jpg,器身呈喇叭口、细长颈、鼓腹下收至圈足，为典型觚形；通体施白陶胎，表面光洁无明显纹饰，属龙山文化晚期高等级白陶礼器常见形制；底部略带红褐色火候不均痕迹，但主体为纯净白陶质地。,新石器时代,龙山文化,,高颈喇叭口,白陶,觚,新石器时代龙山文化白陶高颈喇叭口觚
485799E3990F4E43B0266275C8020098,新石器时代大汶口文化红陶鼎,485799E3990F4E43B0266275C8020098_0.jpg,该陶器为三足器，足部呈锥形且尖端涂白（典型大汶口文化鼎足特征），器身整体呈红陶色，表面可见少量残留彩绘痕迹（局部泛红褐斑块，非素面），质地较粗糙似含砂粒；结合三足、鼓腹、敞口形态及足尖白彩特征，可判定为大汶口文化典型红陶鼎。,新石器时代,大汶口文化,彩绘（残存）,三足,夹砂红陶,鼎,新石器时代大汶口文化彩绘夹砂红陶三足鼎
1D20CCA2E3EC4A60BFA6365F16426ACF,新石器时代夹砂陶碗,1D20CCA2E3EC4A60BFA6365F16426ACF_0.jpg,器物为敞口、斜腹、小平底的浅腹容器，胎体较厚，表面粗糙可见砂粒，呈灰褐色，无明显纹饰或附加装饰；形制符合新石器时代晚期常见陶碗特征，质地为夹砂灰陶，器型为典型碗类。,新石器时代,,,,夹砂灰陶,碗,新石器时代夹砂灰陶碗
8986BD18AAE04664B9553E731BED217F,新石器时代龙山文化夹砂褐陶器盖,8986BD18AAE04664B9553E731BED217F_0.jpg,该器物为倒置的锥形盖，顶部粗厚、下缘外撇呈喇叭口状，表面粗糙可见砂粒，呈灰褐至深褐色，无明显纹饰；底部残留白色陶胎，局部有红色标签（非原始装饰），整体特征符合龙山文化晚期典型夹砂褐陶器盖形制。,新石器时代,龙山文化,,锥形,夹砂褐陶,器盖,新石器时代龙山文化夹砂褐陶锥形器盖
1C1364B1697A49DE8DE8A3C3653076EE,新石器时代龙山文化黑陶器盖,1C1364B1697A49DE8DE8A3C3653076EE_0.jpg,器物为倒置的斗笠形盖，胎体较薄、表面光滑，呈灰白色底色，顶部及近缘处施有厚实黑色陶衣（局部剥落），属典型龙山文化黑陶工艺特征；无明显纹饰或附加结构，仅具盖形轮廓。,新石器时代,龙山文化,黑衣,斗笠形,泥质黑陶,器盖,新石器时代龙山文化黑衣泥质黑陶斗笠形器盖
A6137DF16FF842189E3AC6ABCD889939,新石器时代龙山文化黑陶双耳罐,A6137DF16FF842189E3AC6ABCD889939_0.jpg,器身呈深灰至黑色，表面光滑无明显沙粒，应为泥质黑陶；肩部两侧有对称环形耳，属双耳特征；腹部可见数道浅刻划纹（非绳纹或彩绘），口沿外侈、鼓腹、圈足，典型罐形；整体风格与龙山文化晚期黑陶器特征高度吻合。,新石器时代,龙山文化,划纹,双耳,黑陶,罐,新石器时代龙山文化划纹黑陶双耳罐
0C60D4D4256B4C428B31C7BD6E471C06,新石器时代龙山文化蛋壳陶杯,0C60D4D4256B4C428B31C7BD6E471C06_0.jpg,器物通体呈黑色，表面光洁细腻，无可见沙粒，应为泥质黑陶；器身细长如柄，下承矮圈足底座，整体形制为高柄豆类器（非杯，因杯通常无独立高柄与圈足底座组合）；龙山文化典型黑陶中常见此类高柄豆，且‘蛋壳陶’特指壁厚不足1mm的极薄黑陶，此器柄部较粗、底座厚重，不符合蛋壳陶特征；结合山东地区龙山文化黑陶高柄豆常见形制，判断为龙山文化泥质黑陶高柄豆。,新石器时代,龙山文化,黑衣,高柄,泥质黑陶,豆,新石器时代龙山文化黑衣泥质黑陶高柄豆
c41cfca1117c43fd9a68b70c70c3c66c,新石器时代龙山文化黑陶罐,c41cfca1117c43fd9a68b70c70c3c66c_0.jpg,器物通体呈深灰至黑色，表面粗糙可见砂粒，属夹砂黑陶；无明显纹饰或附加装饰；器形为小口、鼓腹、平底，典型罐形；整体风格简洁厚重，符合龙山文化晚期黑陶特征，尤其接近山东龙山文化典型夹砂黑陶罐。,新石器时代,龙山文化,,,夹砂黑陶,罐,新石器时代龙山文化夹砂黑陶罐
6AF5182D3C7D4E2C989E5C24F3E6D0F2,新石器时代大汶口文化灰陶筒形杯,6AF5182D3C7D4E2C989E5C24F3E6D0F2_0.jpg,器物为灰陶质地，表面粗糙可见砂粒，应为夹砂灰陶；器形呈直筒状、口沿外侈、无耳无足，属典型筒形杯；无明显纹饰或彩绘；整体风格与大汶口文化中晚期筒形杯特征相符，但缺乏明确文化标识性纹饰，暂依常见出土类型归为大汶口文化。,新石器时代,大汶口文化,,筒形,夹砂灰陶,杯,新石器时代大汶口文化夹砂灰陶筒形杯
7536D70725844EAF899E8EA19C88E41E,新石器时代龙山文化红褐陶单把杯,7536D70725844EAF899E8EA19C88E41E_0.jpg,器物为残片，可见单环形把手、敞口、束颈、鼓腹、圈足底，胎体较厚且表面粗糙隐约见砂粒，呈红褐色，无明显纹饰或彩绘；形制与龙山文化晚期常见单把杯（或称‘单耳杯’）高度吻合，属典型陶质饮器。,新石器时代,龙山文化,,单把,夹砂红褐陶,杯,新石器时代龙山文化夹砂红褐陶单把杯
2E7E80632CF14709A0586EF4024BAAC5,新石器时代大汶口文化灰陶杯,2E7E80632CF14709A0586EF4024BAAC5_0.jpg,器物为灰陶质地，表面粗糙可见少量砂粒，应属夹砂灰陶；无明显装饰纹样（如绳纹、彩绘等）；器形为直口、微束腰、下收至圈足的筒状杯形，属典型新石器时代晚期素面陶杯；整体风格与大汶口文化晚期至龙山文化早期过渡阶段陶器特征相符，但缺乏明确文化标识性特征（如黑衣、特殊刻划等），故文化归属暂不确指，可保守定为新石器时代晚期。,新石器时代晚期,,,,夹砂灰陶,杯,新石器时代晚期夹砂灰陶杯
39CD46D6550B4577AB7594C00B875FB7,新石器时代大汶口文化褐陶鼎,39CD46D6550B4577AB7594C00B875FB7_0.jpg,器物为灰黑色陶质，表面粗糙可见砂粒，属夹砂陶；器身有明显裂痕与白色修复痕迹，无清晰纹饰；整体呈筒形，下承三矮足，属典型三足鼎形制；年代与文化特征不显著（无典型大汶口彩绘或龙山黑陶特征），但三足筒形鼎常见于新石器时代中晚期，结合形制暂归为新石器时代，文化类型难以确指。,新石器时代,,,三足,夹砂灰陶,鼎,新石器时代夹砂灰陶三足鼎
a91bb6156ceb41e890ccad3c995a8f25,新石器时代灰褐色陶鼎,a91bb6156ceb41e890ccad3c995a8f25_0.jpg,器物为小型直筒状容器，口沿外侈且局部残缺，胎体较薄、表面相对光滑无明显沙粒，呈灰褐色，无可见纹饰或附加特征；形制近似小杯或小盂，非典型鼎（鼎应有三足或空袋足），更符合新石器时代晚期常见泥质灰陶小杯类器物特征。,新石器时代,,,,泥质灰褐陶,杯,新石器时代泥质灰褐陶杯
A31F743DFA4D4D23A7BD2AB8051BFD92,新石器时代夹砂红陶罐,A31F743DFA4D4D23A7BD2AB8051BFD92_0.jpg,器物为直口、鼓腹、平底小罐，表面粗糙可见砂粒，呈红褐色，无明显纹饰或附加特征；结合山东地区常见新石器时代遗存，质地与形制符合大汶口文化早期夹砂红褐陶罐特征，但纹饰缺失且器型普通，文化归属可暂定为大汶口文化。,新石器时代,大汶口文化,,,夹砂红褐陶,罐,新石器时代大汶口文化夹砂红褐陶罐
64FCD03A382742629D6C9DE4C335A846,新石器时代龙山文化黑陶纺轮,64FCD03A382742629D6C9DE4C335A846_0.jpg,该器物为圆形扁平片状，中央有穿孔，表面呈乌黑光亮质地，边缘略显粗糙但整体为典型轮制黑陶特征，符合龙山文化晚期高度发达的快轮制陶技术所产黑陶纺轮形制；无明显纹饰，属素面黑陶。,新石器时代,龙山文化,,,黑陶,纺轮,新石器时代龙山文化黑陶纺轮
39E57152BA7447B388E3D6994B6F4234,新石器时代大汶口文化黑衣褐陶豆,39E57152BA7447B388E3D6994B6F4234_0.jpg,器物为高柄浅盘形，典型豆类器型；通体呈深灰近黑色，表面光滑无明显纹饰或沙粒，应为轮制泥质黑陶（龙山文化典型黑陶特征），高柄中部略收束呈喇叭状底座，符合龙山文化黑陶高柄豆的典型形态；大汶口文化豆多为红陶或褐陶、柄较粗短，而此器黑陶质地与高柄细腰特征更契合龙山文化晚期。,新石器时代,龙山文化,黑衣,高柄,泥质黑陶,豆,新石器时代龙山文化黑衣泥质黑陶高柄豆
62B7CA446619431FB3FB6578FFB4FF1F,新石器时代大汶口文化灰陶筒形杯,62B7CA446619431FB3FB6578FFB4FF1F_0.jpg,器物为筒形直壁小口，表面粗糙可见砂粒，呈深灰褐色，无明显纹饰或附加特征；形制与大汶口文化晚期至龙山文化早期常见筒形杯相似，但缺乏典型装饰（如彩绘、刻划纹）和明确文化标识，结合质地与形制，暂定为新石器时代中晚期夹砂灰陶筒形杯。,新石器时代,,,筒形,夹砂灰陶,杯,新石器时代夹砂灰陶筒形杯
85CCACA0172E467399AE58E0CF43527F,新石器时代龙山文化黑陶碗,85CCACA0172E467399AE58E0CF43527F_0.jpg,器物为深色陶质，表面呈黑褐色至近黑色，胎体较薄且烧成温度高，具典型龙山文化黑陶特征；器形为敞口、斜腹、小平底碗，无明显纹饰或附加装饰，质地细腻应为泥质（非夹砂），属典型蛋壳黑陶类器物的粗胎版本。,新石器时代,龙山文化,,,黑陶,碗,新石器时代龙山文化黑陶碗
12B395ACD6D049A58AF72A2C8E85D8B0,新石器时代大汶口文化灰陶瓶,12B395ACD6D049A58AF72A2C8E85D8B0_0.jpg,器物为小型陶制容器，呈上宽下窄的筒状，口沿残缺不齐，表面无明显纹饰，质地致密、颜色深灰近黑，无沙粒感，应为泥质灰陶；器形似小型直筒杯或筒形器，常见于新石器时代晚期，结合其素面、泥质灰陶、筒状特征，与大汶口文化晚期至龙山文化早期的素面灰陶筒形杯或小杯相似，但缺乏典型文化标识（如刻符、特定耳足），暂依常见归类倾向定为大汶口文化；因无装饰、无特殊外形特征，仅保留基本要素。,新石器时代,大汶口文化,,,泥质灰陶,杯,新石器时代大汶口文化泥质灰陶杯
1b8a261db21845ddb3b3d4021e0168e5,新石器时代龙山文化黑陶盖鼎,1b8a261db21845ddb3b3d4021e0168e5_0.jpg,该器为黑陶质地，表面光亮呈黑色，三足呈尖锥状且足外侧有锯齿状附加堆纹（俗称‘鸟喙足’或‘锯齿足’），属典型龙山文化晚期三足器特征；器身浅腹、敞口、圜底，无盖，非鼎（鼎通常有盖或双耳），实为三足盆形器，学界多称‘三足盆’或‘三足钵’，部分亦归入‘豆’类，但其无高柄、腹较浅，更近‘盆’；结合山东龙山文化黑陶三足器常见形制，判定为龙山文化黑陶三足盆。,新石器时代,龙山文化,锯齿状附加堆纹,三足,黑陶,盆,新石器时代龙山文化锯齿状附加堆纹黑陶三足盆
B86AA42A1BAD441EBB583487637FE0E8,新石器时代大汶口文化红陶鼎,B86AA42A1BAD441EBB583487637FE0E8_0.jpg,该陶器为三足器，腹部鼓起、口沿外侈，典型鼎形；质地粗糙可见砂粒，呈红褐色，属夹砂红褐陶；表面无明显纹饰或彩绘；整体形制与新石器时代大汶口文化晚期至龙山文化早期的夹砂红褐陶鼎高度吻合，尤其三足短粗、袋足不显著，符合大汶口文化向龙山过渡阶段特征，但鉴于其朴素无纹、夹砂红褐、三足罐状鼎的典型性，优先归入大汶口文化。,新石器时代,大汶口文化,,三足,夹砂红褐陶,鼎,新石器时代大汶口文化夹砂红褐陶三足鼎
88A220C062834F1EBC106527B531B365,新石器时代龙山文化灰陶杯,88A220C062834F1EBC106527B531B365_0.jpg,器身呈筒状，上部敞口、束颈、鼓腹、下收为矮圈足，整体无耳无足无明显装饰；胎体较厚，表面粗糙可见砂粒，属夹砂陶；颜色以深灰至黑褐色为主，局部有浅色粉化层（可能为烧成不均或后期附着），符合龙山文化晚期典型夹砂灰黑陶特征；器型为小型直筒杯类，常见于龙山文化遗址（如山东两城镇、尧王城）。,新石器时代,龙山文化,,,夹砂灰黑陶,杯,新石器时代龙山文化夹砂灰黑陶杯
B4E2675743DA475B97D59FCEF1505CB6,新石器时代大汶口文化红陶壶,B4E2675743DA475B97D59FCEF1505CB6_0.jpg,器身呈鼓腹、短颈、小口，整体为典型壶形；胎体表面粗糙可见砂粒，属夹砂陶；颜色以红褐色为主，局部有白色斑块（应为后期附着或修复痕迹，非原始彩绘）；无明显纹饰或附加特征；形制与大汶口文化中晚期常见夹砂红褐陶壶高度吻合。,新石器时代,大汶口文化,,,夹砂红褐陶,壶,新石器时代大汶口文化夹砂红褐陶壶
D2EE3EF6ED9542AD89DD21BBD98D87BF,新石器时代龙山文化黑陶双耳盆,D2EE3EF6ED9542AD89DD21BBD98D87BF_0.jpg,器物为灰黑色陶质，表面局部残留黑色涂层（黑衣），胎体较薄、质地细腻，属泥质陶；器形为敞口浅腹盆状，无耳、无足，口沿外撇，底部有修复痕迹与标签；整体风格符合龙山文化典型黑陶特征，尤以蛋壳黑陶技术为标志，虽非蛋壳级，但属黑陶系统；无明显绳纹、彩绘或附加堆纹等装饰，仅存黑衣残留。,新石器时代,龙山文化,黑衣,,泥质黑陶,盆,新石器时代龙山文化黑衣泥质黑陶盆
25386860317641CFBFD827B29AEAADC6,新石器时代大汶口文化红陶钵,25386860317641CFBFD827B29AEAADC6_0.jpg,器物为敞口、浅腹、圜底的宽沿碗状器，表面呈红褐色，质地粗糙可见砂粒，属夹砂红褐陶；无明显纹饰或附加特征，整体风格简洁，符合大汶口文化中晚期常见素面夹砂红陶钵的典型形制。,新石器时代,大汶口文化,,,夹砂红褐陶,钵,新石器时代大汶口文化夹砂红褐陶钵
4e378b90ef6844c6bf8bce31c1af2015,新石器时代龙山文化黑陶三足小壶,4e378b90ef6844c6bf8bce31c1af2015_0.jpg,器物呈深灰色至黑色，表面粗糙可见砂粒，属夹砂黑陶；器身近球形，底部有三个矮小实足，口部微敛，整体为典型三足小壶造型；无明显纹饰或彩绘，但龙山文化晚期常见此类素面夹砂黑陶三足器，结合形制与质地判断为龙山文化遗存。,新石器时代,龙山文化,,三足,夹砂黑陶,小壶,新石器时代龙山文化夹砂黑陶三足小壶
DCB32E650BE041EF9F0E655E792CE0FF,新石器时代大汶口文化陶杯,DCB32E650BE041EF9F0E655E792CE0FF_0.jpg,该器为直筒形小口容器，胎体较薄，表面可见修复痕迹与原始灰白色陶胎，无明显纹饰或附加装饰；质地细腻、未见砂粒，应为泥质陶；整体呈浅灰至灰白色，属典型龙山文化晚期或岳石文化早期素面泥质灰陶杯，但因缺乏典型文化特征（如黑陶、蛋壳陶、刻画符号等），文化归属存疑；器型为直腹小口筒形杯，常见于新石器时代晚期至夏商之际。,新石器时代晚期,,,直筒,泥质灰陶,杯,新石器时代晚期泥质灰陶直筒杯
6923A2804F9E4DCF8A6D168EF1FE6E16,新石器时代大汶口文化红褐陶镂孔高柄豆,6923A2804F9E4DCF8A6D168EF1FE6E16_0.jpg,该器为高柄豆形制，浅盘、细高圈足，表面呈红褐色，胎体较粗糙可见砂粒，属夹砂陶；盘沿与足部有白色涂饰（似白陶衣或后期修复残留），但无明确绳纹、彩绘或镂孔等装饰；器型特征典型为‘高柄豆’，结合形制与地域风格，高度相似于大汶口文化中晚期遗存。,新石器时代,大汶口文化,白陶衣,高柄,夹砂红褐陶,豆,新石器时代大汶口文化白陶衣夹砂红褐陶高柄豆
C686D09D28E64D8CA66E891162A640C6,新石器时代大汶口文化白陶豆,C686D09D28E64D8CA66E891162A640C6_0.jpg,器物为高柄、浅盘状，盘口外撇呈花瓣形（双耳状缺口），通体呈灰白色，质地细腻无明显砂粒，属典型白陶；形制符合大汶口文化晚期至龙山文化早期的白陶豆特征，尤其花瓣形口沿与高圈足为大汶口文化白陶豆典型样式。,新石器时代,大汶口文化,,花瓣形口、高柄,白陶,豆,新石器时代大汶口文化白陶花瓣形口高柄豆
aa1051a96d4341a58c1692e28fd36a77,新石器时代大汶口文化陶匜,aa1051a96d4341a58c1692e28fd36a77_0.jpg,器物为浅腹、斜壁、平底、一侧有流口的椭圆形敞口器，形制符合‘匜’的典型特征；质地为灰陶，表面无明显纹饰或彩绘，胎体较致密，应属泥质灰陶；结合山东地区考古背景及器型，推测为新石器时代晚期大汶口文化遗存（大汶口文化常见此类陶匜，如泰安大汶口遗址出土同类器）。,新石器时代,大汶口文化,,单流,泥质灰陶,匜,新石器时代大汶口文化泥质灰陶单流匜
C53F88D8EE1F4C109EBF2ECE8F10C1E2,新石器时代龙山文化黑陶杯,C53F88D8EE1F4C109EBF2ECE8F10C1E2_0.jpg,器物为红褐色陶质，表面粗糙可见砂粒，属夹砂陶；器身无明显纹饰或彩绘，仅局部有黑斑（可能为烧制烟炱或后期附着，非有意装饰）；整体呈直筒状、口部微侈、无耳无足，形制简洁，符合新石器时代晚期常见陶杯特征；结合形制与质地，推测为龙山文化早期或中原地区同类遗存，但缺乏典型龙山黑陶特征（如轮制精细、漆黑光亮），更接近仰韶晚期至龙山过渡阶段的夹砂红褐陶杯。,新石器时代晚期,龙山文化（存疑，或属仰韶向龙山过渡类型）,,,夹砂红褐陶,杯,新石器时代晚期夹砂红褐陶杯
81EA8CF1E02D4685B92759674D825C9B,新石器时代大汶口文化彩陶壶,81EA8CF1E02D4685B92759674D825C9B_0.jpg,该陶器为红陶胎，表面施彩绘，纹饰为典型的花瓣纹（或称四瓣花、八瓣花组合纹），由黑、橙红、白（或浅黄）三色构成几何化花瓣图案，器身圆鼓、短颈、小口、无耳，属典型新石器时代中晚期彩陶风格；结合花瓣纹与器型特征，高度吻合大汶口文化中晚期彩陶壶的典型样式。,新石器时代,大汶口文化,彩绘花瓣纹,,泥质红陶,壶,新石器时代大汶口文化彩绘花瓣纹泥质红陶壶
7381B59099494F22BDDE6C831864BF4A,新石器时代红陶拍,7381B59099494F22BDDE6C831864BF4A_0.jpg,该器物为红陶质地，表面无明显纹饰或彩绘，但器身中部有一明显镂孔，整体呈上窄下宽的筒状，口部略外侈，底部微鼓，形制类似拍击乐器或哨类器物；结合新石器时代晚期常见陶拍（用于拍打陶坯整形）或陶哨特征，其镂孔功能可能为发声或系绳，材质为泥质红陶（表面较细腻，未见明显沙粒），年代应属新石器时代晚期，文化归属不典型，暂不指定具体文化。,新石器时代,,镂孔,筒形、中腹镂孔,红陶,拍,新石器时代镂孔红陶筒形拍
544C90C24F2A47B4A585EDDF260B3F78,新石器时代大汶口文化红陶鼎,544C90C24F2A47B4A585EDDF260B3F78_0.jpg,该陶器为三足器，腹部鼓起、口沿外侈，具有典型鼎的形制；胎体较厚，表面可见砂粒，属夹砂陶；整体呈红褐色，局部有白色修复痕迹（非原始装饰），无明显纹饰；结合其三足、圜底、宽沿特征及地域风格，应属新石器时代大汶口文化常见夹砂红褐陶鼎。,新石器时代,大汶口文化,,三足,夹砂红褐陶,鼎,新石器时代大汶口文化夹砂红褐陶三足鼎
6B48E9722D25468A923E22FC095C8C7A,新石器时代龙山文化陶片,6B48E9722D25468A923E22FC095C8C7A_0.jpg,陶片呈灰褐色，胎体较厚且表面可见细小砂粒，属夹砂质地；无明显彩绘、绳纹或附加堆纹等装饰痕迹；器形残片中可见弧腹与平底特征，但无法确认具体器型；结合出土编号（如‘T203’‘M1’）及典型龙山文化晚期遗存特征，暂定为龙山文化夹砂灰褐陶残片。,新石器时代,龙山文化,,,夹砂灰褐陶,陶片,新石器时代龙山文化夹砂灰褐陶陶片
AE10483F3F6D4015A36702E47ED4B33B,新石器时代大汶口文化红灰陶器,AE10483F3F6D4015A36702E47ED4B33B_0.jpg,器物为红陶质地，表面光滑无明显沙粒，应为泥质红陶；器身两侧有对称小耳，腹部有一横向附加堆纹（似短条状堆塑），口部微侈、颈略收、腹鼓，整体呈小罐形；该类双耳加附加堆纹的红陶罐常见于大汶口文化中晚期，属典型器型。,新石器时代,大汶口文化,附加堆纹,双耳,泥质红陶,罐,新石器时代大汶口文化附加堆纹双耳泥质红陶罐
D6C7B5CDD9364ADF88067B37949DEEE2,新石器时代大汶口文化夹砂灰陶鼎,D6C7B5CDD9364ADF88067B37949DEEE2_0.jpg,器物为三足小容器，胎体较厚、表面粗糙可见砂粒，呈灰黑色调，属夹砂灰陶；无明显纹饰或彩绘；形制为敞口、深腹、三矮足，符合鼎的基本特征，但体量较小，可能为炊煮或盛食器；三足形态与大汶口文化晚期至龙山文化早期小型陶鼎相似，但缺乏典型文化标识（如附加堆纹、镂孔等），故文化归属暂不明确，仅可定为新石器时代。,新石器时代,,,三足,夹砂灰陶,鼎,新石器时代夹砂灰陶三足鼎
31c779da084f4f71b396a7572b806e07,新石器时代大汶口文化红陶鬶,31c779da084f4f71b396a7572b806e07_0.jpg,该器为典型三足、流、鋬结构，通体呈红褐色，胎质较粗可见砂粒，属夹砂红陶；无明显纹饰或彩绘；形制为鬶，特征符合大汶口文化中晚期典型鬶的造型（流短而上翘、袋足瘦长、单鋬），与山东地区出土大汶口文化红陶鬶高度一致。,新石器时代,大汶口文化,,三足、流、单鋬,夹砂红陶,鬶,新石器时代大汶口文化夹砂红陶三足流鋬鬶
8A1028CBEAE34F778664D0EBEBA52D04,新石器时代龙山文化夹砂灰褐陶器盖,8A1028CBEAE34F778664D0EBEBA52D04_0.jpg,该器物为扁平片状，一端有穿孔钮，表面粗糙可见砂粒，呈灰褐色，无明显纹饰或彩绘，形制符合新石器时代晚期龙山文化常见陶器盖特征；穿孔钮为典型器盖提手结构，整体为夹砂灰褐陶质地。,新石器时代,龙山文化,,带钮,夹砂灰褐陶,器盖,新石器时代龙山文化夹砂灰褐陶带钮器盖
BA2556228C1641DE87441D3A1B4ECA0F,新石器时代大汶口文化红陶折腹鼎,BA2556228C1641DE87441D3A1B4ECA0F_0.jpg,该陶器为三足器，腹部外鼓、上部内收呈折腹状，口沿外侈，胎体较厚，表面粗糙可见砂粒，整体呈红褐色，属典型夹砂红陶；三足粗壮略呈锥形，无明显纹饰或附加装饰，形制与大汶口文化中晚期常见鼎类器物高度吻合。,新石器时代,大汶口文化,,三足、折腹,夹砂红陶,鼎,新石器时代大汶口文化夹砂红陶三足折腹鼎
93285FEDF4C24134A1B6418E01BAF81D,新石器时代夹砂黑陶鼎,93285FEDF4C24134A1B6418E01BAF81D_0.jpg,器物为深灰至黑色陶质，表面粗糙可见砂粒，属夹砂黑陶；器形矮胖，口沿外侈，腹鼓，下承矮圈足或平底（图中底部较厚实，无明显三足），整体无耳、无柄、无典型纹饰，仅见数道弦纹（肩部凹弦纹），但弦纹非主要装饰特征，故不列于decoration；结合山东地区考古背景及器型，应为新石器时代晚期常见炊器或盛器，形制近似‘鼎’但无足，更准确应为‘罐’或‘钵’；然原表称‘鼎’有误——鼎必有三足或四足，此器无足，实为平底罐或小瓮；参考山东龙山文化典型夹砂黑陶罐特征，暂定为龙山文化。,新石器时代,龙山文化,,,夹砂黑陶,罐,新石器时代龙山文化夹砂黑陶罐
99df56fec34a4a838f64674a9bd4902c,新石器时代龙山文化陶壶,99df56fec34a4a838f64674a9bd4902c_0.jpg,器物为灰褐色陶质，表面粗糙可见砂粒，属夹砂陶；无明显纹饰、附加堆纹或彩绘；器形为小口、短颈、鼓腹、平底，典型储盛类容器，符合‘壶’的通称特征；整体风格朴素，与龙山文化晚期常见夹砂灰陶壶形制吻合，但缺乏典型黑陶、蛋壳陶或绳纹等强标识特征，故文化归属谨慎定为龙山文化（新石器时代晚期）。,新石器时代,龙山文化,,,夹砂灰陶,壶,新石器时代龙山文化夹砂灰陶壶
9be4a9ea64e64fa5aa98095655c75e0a,新石器时代龙山文化黑陶壶,9be4a9ea64e64fa5aa98095655c75e0a_0.jpg,器物为灰黑色陶质，表面粗糙可见砂粒，属夹砂陶；无明显纹饰、附加堆纹或彩绘；器形为小口、短颈、鼓腹、平底，整体呈矮胖壶形，符合龙山文化晚期常见夹砂灰陶壶特征；口沿略有残损，但轮廓清晰。,新石器时代,龙山文化,,,夹砂灰陶,壶,新石器时代龙山文化夹砂灰陶壶
93114E8CD1E64854A7D5F3F1B36F058D,新石器时代龙山文化灰褐陶器盒,93114E8CD1E64854A7D5F3F1B36F058D_0.jpg,器物为倒置的浅腹敞口器，胎体较厚，表面可见明显绳纹（呈斜向或横向压印的绳索状痕迹），局部有白色修复痕迹；质地粗糙、含砂粒，呈灰褐色，属夹砂灰褐陶；器形似覆碗状，应为器盖而非器盒（器盒通常为带盖容器组合，单件此形态更可能为盖）；绳纹是龙山文化常见特征，但亦见于晚期大汶口或仰韶晚期，结合灰褐陶与绳纹风格，暂定为龙山文化典型遗存。,新石器时代,龙山文化,绳纹,,夹砂灰褐陶,盖,新石器时代龙山文化绳纹夹砂灰褐陶盖
0C3A340B8DAF44F59701B2005E272F21,新石器时代龙山文化黑陶鼎,0C3A340B8DAF44F59701B2005E272F21_0.jpg,该器为三足炊器，腹较深、口沿外侈，足呈锥状实心（非袋足），胎体较厚且表面粗糙可见砂粒，属夹砂陶；整体呈灰黑至黑褐色，内壁近口沿处有白色涂饰（似白陶衣或石灰浆涂抹），但无明显绳纹、彩绘等装饰；形制与龙山文化典型黑陶鼎高度吻合，尤其三足粗壮、腹部鼓起的特征符合山东龙山文化晚期鼎类器物。,新石器时代,龙山文化,"黑衣, 白陶衣（内壁）",三足,夹砂黑陶,鼎,新石器时代龙山文化黑衣夹砂黑陶三足鼎
B890E4926F25447EABC294B971A2CC6D,新石器时代大汶口文化夹砂灰陶筒形杯,B890E4926F25447EABC294B971A2CC6D_0.jpg,器物为筒状直腹，口沿微侈，通体素面无纹饰，质地粗糙可见砂粒，呈深灰至黑褐色，属典型夹砂灰陶；形制简洁，为新石器时代中晚期常见筒形杯，与大汶口文化晚期至龙山文化早期同类器特征吻合，但因缺乏明确文化标识性特征（如彩绘、特殊耳足等），暂以较稳妥的‘新石器时代’定年代，文化归属存疑；器型明确为筒形杯。,新石器时代,,,筒形,夹砂灰陶,杯,新石器时代夹砂灰陶筒形杯
0e5c3f852987458b931bcf7a6cf40cf2,陶罐,0e5c3f852987458b931bcf7a6cf40cf2_0.jpg,观察到该陶器为新石器时代晚期典型遗存，展签明确标注‘龙山文化·陶罐’；器表可见明显绳纹与附加堆纹（肩部凸起带状堆纹），质地粗糙、含砂粒，呈红褐色；器身鼓腹、口微敛，两侧有对称竖耳（双耳），属典型夹砂红褐陶罐。,新石器时代晚期,龙山文化,绳纹、附加堆纹,双耳,夹砂红褐陶,罐,新石器时代晚期龙山文化绳纹附加堆纹夹砂红褐陶双耳罐
02C21DCB8C8040E7A3AD6BFA6CEACDB5,新石器时代大汶口文化陶瓶,02C21DCB8C8040E7A3AD6BFA6CEACDB5_0.jpg,器物为素面无纹饰，表面粗糙可见砂粒，呈灰褐色，属夹砂陶；器形细高，束颈、鼓腹、圈足，口沿外侈，整体轮廓近似瓶形，常见于新石器时代晚期山东地区大汶口文化晚期至龙山文化早期的盛贮类陶器；结合‘文物山东’水印及典型形制，暂定为大汶口文化末期或过渡阶段的素面夹砂灰褐陶瓶。,新石器时代,大汶口文化,,,夹砂灰褐陶,瓶,新石器时代大汶口文化夹砂灰褐陶瓶
0F1A2A824B414074821684E7C0C7D1CD,新石器时代龙山文化黄褐陶器盖（残）,0F1A2A824B414074821684E7C0C7D1CD_0.jpg,器物呈扁平弧形，表面素面无纹饰，质地细腻、颜色为黄褐色，应为泥质陶；形态符合器盖特征（残件），但无明确文化标识特征，结合龙山文化常见黄褐陶器盖形制及出土背景（原表定名提示），暂归入龙山文化；未见装饰与显著外形特征（如钮、齿等），仅具基本弧盖形。,新石器时代,龙山文化,,,泥质黄褐陶,器盖,新石器时代龙山文化泥质黄褐陶器盖
85A1393337EB44AB8761E799E5AB6ABE,新石器时代大汶口文化泥质彩陶豆形杯,85A1393337EB44AB8761E799E5AB6ABE_0.jpg,该器为红陶质地，表面可见明显彩绘几何纹（黑、白、红三色三角与斜线组合），器身呈敞口浅腹碗状，下接高圈足，属典型豆形结构；胎体较细腻无明显沙粒，应为泥质陶；纹饰风格与大汶口文化中晚期彩陶特征高度吻合（如青莲岗类型或大汶口中期彩陶豆），高柄豆形杯为该文化常见礼器。,新石器时代,大汶口文化,彩绘,高柄,泥质红陶,豆,新石器时代大汶口文化彩绘泥质红陶高柄豆
FA21348A1D97413294083904EAB2EAFE,新石器时代黑陶杯,FA21348A1D97413294083904EAB2EAFE_0.jpg,器物为残片，呈灰黑色，胎体较薄且表面光滑无明显沙粒，应为泥质灰陶或黑陶；器形似敞口、斜腹、小平底的杯状器，残存部分显示一侧有尖角状凸起（可能为流或耳残迹），但整体轮廓符合典型新石器时代晚期小型饮器特征；无可见纹饰或彩绘；结合山东地区考古背景及‘文物山东’水印，推测属龙山文化黑陶系统，常见此类素面磨光黑陶杯。,新石器时代,龙山文化,,,黑陶,杯,新石器时代龙山文化黑陶杯
98D8AD42FF3C49FC8E274C319D999984,新石器时代大汶口文化彩绘红陶背壶,98D8AD42FF3C49FC8E274C319D999984_0.jpg,陶器为红褐色，表面粗糙可见砂粒，属夹砂红褐陶；器身两侧有对称环形耳，颈部略收、口沿外侈呈花边状，腹部圆鼓，底部无足，整体为典型背壶造型；无明显彩绘、绳纹等装饰，仅见少量斑驳痕迹，应为素面；结合双耳、鼓腹、小平底及口沿特征，与大汶口文化中晚期背壶高度吻合。,新石器时代,大汶口文化,,双耳,夹砂红褐陶,背壶,新石器时代大汶口文化夹砂红褐陶双耳背壶
D5CC6EAC1762451DBB00877252152C06,新石器时代龙山文化红褐陶球,D5CC6EAC1762451DBB00877252152C06_0.jpg,该器物呈不规则球形，表面粗糙、可见砂粒，整体呈红褐色，无明显纹饰、附加堆纹或器耳等结构特征，应为夹砂红褐陶质地的实心陶球，常见于新石器时代晚期龙山文化遗址中作为儿童玩具、投掷器或祭祀用具。,新石器时代,龙山文化,,球形,夹砂红褐陶,球,新石器时代龙山文化夹砂红褐陶球形陶球
8E4AAB9855BC43B296ACFEDF9ADC7170,新石器时代龙山文化灰陶盆形鼎,8E4AAB9855BC43B296ACFEDF9ADC7170_0.jpg,器物为三足深腹敞口器，足部呈扁锥状并带镂孔，通体呈深灰黑色，表面粗糙可见砂粒，属夹砂陶；无明显纹饰，但整体形制符合龙山文化典型盆形鼎特征（浅腹、宽沿、三足略外撇且足根镂孔），年代与文化归属可合理推定为新石器时代晚期龙山文化。,新石器时代,龙山文化,镂孔,三足,夹砂黑陶,鼎,新石器时代龙山文化镂孔三足夹砂黑陶鼎
EAD251901CE146808A159D96053D56D0,新石器时代大汶口文化灰陶单耳杯,EAD251901CE146808A159D96053D56D0_0.jpg,器物为单耳、敞口、筒形腹、圈足略外撇，胎体较厚，表面粗糙可见砂粒，呈灰褐色，无明显纹饰或彩绘，整体风格质朴，符合大汶口文化晚期至龙山文化早期过渡阶段的夹砂灰陶单耳杯特征；但因缺乏典型纹饰（如划纹、附加堆纹）及明确文化标识，文化归属存疑，暂依常见定名惯例参考‘大汶口文化’，然更稳妥应保留文化项为空。,新石器时代,,,单耳,夹砂灰陶,杯,新石器时代夹砂灰陶单耳杯
6DC520CEFF8B469E96C99793F6C20555,新石器时代大汶口文化黑衣褐陶瓮,6DC520CEFF8B469E96C99793F6C20555_0.jpg,器身呈鼓腹、小口、矮颈、平底，两侧有对称小耳（残存），表面粗糙可见砂粒，整体呈灰褐色，局部残留白色或浅色涂层（疑似黑衣剥落后露出胎体），无明显绳纹、彩绘等装饰；形制与大汶口文化晚期至龙山文化早期的夹砂褐陶瓮相似，但黑衣特征不完整，更倾向为夹砂褐陶而非典型黑衣陶。,新石器时代,大汶口文化,,双耳,夹砂褐陶,瓮,新石器时代大汶口文化夹砂褐陶双耳瓮
6ED95495D4AE49D682C20A0261844C2E,新石器时代龙山文化黑陶背壶,6ED95495D4AE49D682C20A0261844C2E_0.jpg,器物呈深黑色，表面无明显纹饰或彩绘，质地致密细腻，应为轮制黑陶；器形为小口、束颈、鼓腹、下收成矮足，口沿不规整呈多边形（似手工捏塑或修整所致），整体近似小型容器，符合龙山文化典型黑陶杯或小罐特征，但更接近‘杯’类饮器形态；结合龙山文化黑陶工艺高度发达、常见素面磨光黑陶杯的考古背景，暂定为黑陶杯。,新石器时代,龙山文化,,口沿不规整,黑陶,杯,新石器时代龙山文化黑陶口沿不规整杯
40530DBB63BF47E79E6F41AEB4283F5B,新石器时代大汶口文化灰陶环,40530DBB63BF47E79E6F41AEB4283F5B_0.jpg,该器物为一小段弧形残片，表面光滑无明显纹饰或沙粒，呈浅灰白色，质地致密，推测为泥质灰陶；形态为环状截段，常见于新石器时代大汶口文化出土的陶环类装饰品或纺轮残件。,新石器时代,大汶口文化,,环状,泥质灰陶,环,新石器时代大汶口文化泥质灰陶环
A97EC58A919940A0A993F608663FF8D6,新石器时代大汶口文化灰陶盉,A97EC58A919940A0A993F608663FF8D6_0.jpg,器身呈红褐色，表面粗糙可见砂粒，为夹砂红褐陶；有明显长流（喙状流），口沿外侈呈喇叭形，颈部较细、腹部鼓圆，属典型盉形器；无明显纹饰或彩绘；整体风格与大汶口文化中晚期陶盉特征高度吻合（如青莲岗遗址、大汶口墓葬出土同类器），年代属新石器时代中晚期。,新石器时代,大汶口文化,,长流、喇叭口,夹砂红褐陶,盉,新石器时代大汶口文化夹砂红褐陶长流喇叭口盉
C8414046B7EB4B34A5047A13E2CF7A15,新石器时代黑陶单耳壶,C8414046B7EB4B34A5047A13E2CF7A15_0.jpg,器物为灰黑色陶质，表面粗糙可见砂粒，应为夹砂灰陶；口沿一侧有明显单耳（残损但可辨），器身呈鼓腹、束颈、小平底形态，属典型单耳壶形制；无明显纹饰或彩绘，整体风格朴素，符合新石器时代晚期黄河中下游地区常见陶器特征，但文化归属不明确，暂不强定具体文化。,新石器时代,,,单耳,夹砂灰陶,壶,新石器时代夹砂灰陶单耳壶
21BA5FBAB5AB4BC58188278AF381105A,新石器时代大汶口文化夹砂灰陶漏器,21BA5FBAB5AB4BC58188278AF381105A_0.jpg,器物为小型敞口浅腹碗状，胎体粗糙可见砂粒，呈红褐色（非灰陶），内壁残留黑色焦垢，外壁无明显纹饰或附加装饰；形制简单，属实用炊煮或盛食器，结合其夹砂红褐质地与新石器时代中晚期常见特征，推测为大汶口文化时期遗存，但无典型纹饰或特殊造型，通称为‘钵’或‘小碗’；原表称‘漏器’缺乏孔洞证据，应为误判。,新石器时代,大汶口文化,,,夹砂红褐陶,钵,新石器时代大汶口文化夹砂红褐陶钵
8B11790479E34673867443DB611B2875,新石器时代龙山文化黑灰陶器,8B11790479E34673867443DB611B2875_0.jpg,该陶片呈橙红色，质地较粗糙可见砂粒，应为夹砂红陶；表面有清晰的压印纹饰，呈放射状排列的细密平行线纹（类似篦点纹或刻划梳齿纹），属典型龙山文化晚期常见装饰；器形残片呈尖锥状凸起，似为器盖钮或器足顶端部分，但整体轮廓近似三角锥形，结合龙山文化常见器类及形态特征，推测为器盖钮或小型鼎/鬲足残件；综合判断为新石器时代晚期龙山文化遗物。,新石器时代,龙山文化,刻划梳齿纹,锥形钮,夹砂红陶,器盖钮,新石器时代龙山文化刻划梳齿纹夹砂红陶锥形钮
8C5FAEF57E39482AA042C4A53DA6EBAF,新石器时代龙山文化黑褐陶盖罐,8C5FAEF57E39482AA042C4A53DA6EBAF_0.jpg,器物为带盖小罐，通体呈黑褐色，表面粗糙可见砂粒，属夹砂陶；无明显彩绘、绳纹或附加堆纹等装饰，仅见自然烧成色差与使用磨损痕迹；器形矮胖、鼓腹、敛口、带覆碗式盖，为典型储藏用盖罐；结合形制与质地特征，符合龙山文化晚期常见夹砂黑褐陶盖罐风格。,新石器时代,龙山文化,,带盖,夹砂黑褐陶,罐,新石器时代龙山文化夹砂黑褐陶带盖罐
9BE04E18B5594C95BB0FCB50D8E74AD8,新石器时代龙山文化黑陶薄胎高柄杯,9BE04E18B5594C95BB0FCB50D8E74AD8_0.jpg,器身呈深黑色，胎体较薄，高柄部具明显竹节状凸棱（即‘竹节筒’特征），无彩绘或绳纹等装饰，属典型龙山文化黑陶工艺；结合高柄、浅盘口、竹节状柄部形态，应为高柄杯类器物。,新石器时代,龙山文化,,竹节筒高柄,黑陶,杯,新石器时代龙山文化黑陶竹节筒高柄杯
3BF1C86FA5D9434E932CD072B2E90033,新石器时代黑陶罐,3BF1C86FA5D9434E932CD072B2E90033_0.jpg,器物通体呈深灰至黑色，表面光滑无明显沙粒，属典型黑陶质地；器形为小口、鼓腹、矮圈足，腹部微鼓，颈部略收，无耳、无足、无明显装饰纹样，整体素面，符合龙山文化晚期典型黑陶罐特征。,新石器时代,龙山文化,,,黑陶,罐,新石器时代龙山文化黑陶罐
C02989C894AE4033AB7089FE3A9A9A4D,新石器时代龙山文化褐陶器物盖,C02989C894AE4033AB7089FE3A9A9A4D_0.jpg,器物为小型浅腹碗状，底部有矮圈足，表面呈灰黑与浅灰白相间，质地致密细腻无明显沙粒，应为泥质陶；内外壁可见火照痕迹或烧成不均导致的色斑，无明确纹饰或彩绘；形制类似龙山文化常见小陶钵或小碗，但盖形特征不显著（非覆钵式盖、无钮），更倾向为敞口小碗或盏；结合龙山文化晚期典型泥质灰陶小件器物特征，暂定为龙山文化泥质灰陶小碗。,新石器时代,龙山文化,,矮圈足,泥质灰陶,碗,新石器时代龙山文化泥质灰陶矮圈足碗
78A30BF5E6D54C0787B56FEB313F3F25,新石器时代大汶口文化褐陶盌,78A30BF5E6D54C0787B56FEB313F3F25_0.jpg,器物为深灰色陶质，表面无明显沙粒，质地细腻，应为泥质灰陶；器形为敞口、斜腹、小圈足的浅碗状，属典型盌（碗）类；通体素面无纹饰，无彩绘、绳纹等装饰；器身有多处裂痕并有白色修补痕迹，但不影响原始质地判断；整体风格简洁，符合新石器时代晚期至夏商之际常见日用陶盌特征，但缺乏明确文化标识性特征（如大汶口彩陶、龙山黑陶薄胎等），故文化归属暂不确指，仅据形制与质地保守定为新石器时代晚期或夏商早期。,新石器时代晚期,,,,泥质灰陶,盌,新石器时代晚期泥质灰陶盌
20F6EBDDBF93400DB7A5F31989AFB74C,新石器时代大汶口文化泥质灰陶背水壶,20F6EBDDBF93400DB7A5F31989AFB74C_0.jpg,器身呈小口、束颈、鼓腹、下收的筒形，两侧对称设双耳（耳上有穿孔），胎体较薄、表面相对光滑无明显沙粒，呈浅灰褐色，属泥质陶；形制与大汶口文化常见小型双耳壶（或称背水壶）高度吻合，无明显纹饰。,新石器时代,大汶口文化,,双耳,泥质灰陶,壶,新石器时代大汶口文化泥质灰陶双耳壶
F4D1ED8D6AEE4083BACE74623EBB4218,新石器时代龙山文化黑陶盆,F4D1ED8D6AEE4083BACE74623EBB4218_0.jpg,器物为敞口、深腹、圜底或平底的盆形器，外壁下半部施黑色陶衣（黑衣），上半部为浅色胎体（白陶或浅灰陶胎），表面无明显纹饰，质地细腻无砂粒，属典型龙山文化黑陶工艺特征；结合山东地区出土同类器，可判定为龙山文化晚期泥质黑陶盆。,新石器时代,龙山文化,黑衣,,泥质白陶（胎）黑衣陶（表）,盆,新石器时代龙山文化黑衣泥质白陶盆
979E3C901DE44FBC9184F19380E93BDB,新石器时代大汶口文化灰陶镂孔豆,979E3C901DE44FBC9184F19380E93BDB_0.jpg,器物为高柄浅盘形，圈足底部有明显镂孔，胎体呈灰褐色、质地较粗疏可见砂粒，属夹砂灰陶；整体形制符合新石器时代晚期大汶口文化至龙山文化过渡阶段典型豆类器特征，尤其镂孔高柄豆在大汶口文化中常见。,新石器时代,大汶口文化,镂孔,高柄,夹砂灰陶,豆,新石器时代大汶口文化镂孔高柄夹砂灰陶豆
176feb66f389486f8e7c268fc7c14e60,新石器时代大汶口文化白陶杯,176feb66f389486f8e7c268fc7c14e60_0.jpg,器物为浅黄褐色陶质，表面粗糙可见明显砂粒，属夹砂陶；器身呈筒状，上部微侈口，下承高圈足，整体形制近似高柄杯或筒形杯；口沿内侧可见数个规则小孔，应为镂孔装饰；无彩绘、绳纹等其他纹饰；该类夹砂黄褐陶镂孔高圈足杯在大汶口文化中较常见，但白陶特征不显著（白陶通常胎体细腻、色泽洁白如瓷），故排除‘白陶’判断。,新石器时代,大汶口文化,镂孔,高圈足,夹砂黄褐陶,杯,新石器时代大汶口文化镂孔高圈足夹砂黄褐陶杯
af6ec5cd7a02487a8ad6908831af8bc8,新石器时代龙山文化白陶鬶,af6ec5cd7a02487a8ad6908831af8bc8_0.jpg,该器为三足、带流、单鋬（把手）、尖底或近尖底的炊器，典型鬶形制；胎体较薄、表面打磨光滑、呈乳白至浅黄白色，属白陶；流部残缺但形态清晰，三足为锥形实足，整体风格符合龙山文化晚期白陶鬶特征，无明显纹饰。,新石器时代,龙山文化,,三足、带流、单鋬,白陶,鬶,新石器时代龙山文化白陶三足带流单鋬鬶
1C7F2AC79CD84743A4A504C5B1D5441C,新石器时代大汶口文化灰陶镂孔高柄豆,1C7F2AC79CD84743A4A504C5B1D5441C_0.jpg,该器物为高柄豆形制，盘状器身下接细长柄，柄部近底处有一圆形镂孔；胎体呈灰褐色，表面粗糙可见砂粒，属夹砂陶；无明显纹饰或彩绘；整体风格与大汶口文化晚期至龙山文化早期高柄豆特征相符，但因缺乏典型文化标识（如特定纹饰、黑衣等），文化归属存疑，暂以典型器型推定为新石器时代晚期。,新石器时代晚期,,镂孔,高柄,夹砂灰褐陶,豆,新石器时代晚期夹砂灰褐陶镂孔高柄豆
