id,name,fullDesc,raw_size_in_desc,dimensionsDesc,final_dimensions_desc
01210ea5cbb14a6ea6de870299758873,新石器时代龙山文化黑陶觯,新石器时代龙山文化，饮酒器。泥质黑陶，侈口圆唇，高颈，鼓腹下收，小平底。口径6.6cm、底径4.1cm、高14cm，重190g。1979年于日照尧王城遗址发掘，日照市博物馆收藏。国家二级文物。,口径6.6cm、底径4.1cm、高14cm，重190g,高*口径*底径：14*6.6*4.1,高*口径*底径：14*6.6*4.1
063f04237365413588b166fadfa28e1c,新石器时代大汶口文化刻陶文“钺”“拍”灰陶尊,为新石器时代大汶口文化陶尊。1960年莒县陵阳河遗址出土。通高63厘米、口径39厘米、壁厚2.4厘米。保存较好。夹砂黄褐陶。折沿，深直腹，尖底，口沿下和腹下各饰两道凹弦纹，弦纹间饰有两周圆圈纹。通体饰篮纹。腹部刻有符号“钺”形，另一面刻有“拍”形。陶文“钺”的造型像是一把长柄的斧头，是用于砍杀的兵器，也是权势的象征，又涂有朱红，以增加了神秘色彩。墓主人以此来陪葬，生前可能是一位军事首领。从发掘墓葬出土的人体多为不全者来看，这意味着在5000年前，部落之间的战争打斗已经相当残酷。这个陶文，或许就是战争指挥者将兵器的形状摹刻下来，用以祭祀战争胜利的祭文。著名的古文字学家唐兰先生将这个陶文解释为斧钺钩叉的“钺”字。,通高63厘米、口径39厘米、壁厚2.4厘米,高67、口径32、壁厚2.4,高67、口径32、壁厚2.4（另有人测得通高63，口径39）
06b6eb96528a4fe68887b0658eeaaf78,新石器时代龙山文化陶鬶,侈口，口沿下饰两周不透镂孔，一道凸玄纹至流两侧并饰有乳钉纹，鸟啄形流上仰，颈呈筒形，颈腹分界明显，乳状袋足，绳索状鋬，腹上两侧饰盲鼻，并饰一周凸玄纹。通高36.8厘米，口径11.6厘米，重1.09千克。沂水县杨庄镇杨庄村出土。,通高36.8厘米，口径11.6厘米，重1.09千克,通高36.8厘米，口径11.6厘米,通高36.8厘米，口径11.6厘米
07b866fcbb5547bd80a464f74fa0fbc0,新石器时代龙山文化黑陶壶,新石器时代龙山文化，酒器或水器。泥质黑陶，侈口，圆唇，高领，鼓腹，腹上部饰二道凹弦纹及二个对称的横耳，鼓腹下收，小平底。口径8.4cm、底径5.5cm、腹径11.9cm、高16.6cm，重366g。采集于日照两城镇遗址，日照市博物馆收藏。国家二级文物。,口径8.4cm、底径5.5cm、腹径11.9cm、高16.6cm，重366g,高*口径*底径*腹径：16.6*8.4*5.5*11.9,高*口径*底径*腹径：16.6*8.4*5.5*11.9
09053083EC594D80BF074EBF18C9994B,新石器时代大汶口文化附加堆纹夹砂红陶三足鼎,"新石器时代大汶口文化时期
未定级
2012年出土于界石旸里店遗址，现藏威海市文登区博物馆。
明器，陶质。夹砂红褐陶，尖唇，折沿，略鼓腹，裆略平，柱状足，两足略残，下腹部饰1圈弦纹。口径10.4厘米，腹径11.6厘米，柱足长4.4厘米，通高12.2厘米。",口径10.4厘米，腹径11.6厘米，柱足长4.4厘米，通高12.2厘米。,,口径10.4厘米，腹径11.6厘米，柱足长4.4厘米，通高12.2厘米。
0FF15D85DEE4496C935EA878318BA2D5,环状兽形鬶,"通高10厘米  直径18.8厘米  重0.854千克
泥质红陶
胶州市三里河遗址出土。颈、流部残缺。鬹体为筒状圜圈成周，正前饰有“龟缩”状小兽首，既生动有趣又使兽首外出大小与整体相统一。兽首之上是颈、流，用夸张的手法将尾梢向前卷，与口流连接形成提梁，既增加了鬹的牢固度，又弥补了口流过高的缺陷，使整个造型高度自然适中，安排之巧，恰到好处。尾下部塑有象征雄性的生殖器，亦起到了点缀作用。这样兽首、口流、提梁和生殖器在平面上形成了一条中心线，而四个兽蹄状实心足均衡地分列在这条中心线两侧形成一个方形，与圆形鬹体形成一个完美的整体。",通高10厘米  直径18.8厘米  重0.854千克,通高10，口流20.4，鬶体周长60.7,通高10，口流20.4，鬶体周长60.7，直径18.8cm
0e17c26e26d4481c80697ebb7fff3a28,大汶口文化褐陶鬶,"     1976年9月出土于火山埠遗址
     高21.6厘米",高21.6厘米,,高21.6厘米
0ed8ec95633f4f9db2f818f0360a9cb7,新石器时代龙山文化黑陶罐,新石器时代龙山文化，盛贮器。泥质黑陶，折沿方唇，矮颈，折肩，腹下收，平底，器身自上而下饰五道凸棱。口径12.5 cm、底径8cm、高18cm，重361g。2001年出土于日照两城镇遗址，日照市博物馆收藏。国家二级文物。,口径12.5 cm、底径8cm、高18cm，重361g,高18，口径12.5，底径8,高18，口径12.5，底径8
10145037b74543df9033236620d1bb54,新石器时代陶鼎,通高13.8厘米，足高4.6厘米，口径15.3厘米。,通高13.8厘米，足高4.6厘米，口径15.3厘米。,口径15.3，通高13.8，足高4.6,口径15.3，通高13.8，足高4.6
120c1080a3474813b86cda06a26d149e,新石器时代大汶口文化刻陶文“斤”灰陶尊,礼器。新石器时代大汶口文化遗存。1960年莒县陵阳河遗址出土。夹砂灰陶。方唇，折沿，深直腹，尖底，腹下饰有两道凸弦纹，腹上部刻有“斤”形，通体饰篮纹。通高54、口径37、壁厚1.2厘米。保存较好。,通高54、口径37、壁厚1.2厘米,,通高54、口径37、壁厚1.2厘米
13314acfb91a4e87bf5cd98ae5fc25f2,新石器时代龙山文化黑陶盒,新石器时代龙山文化，盛器。泥质黑陶，子母口，腹部起棱一周，直腹，平底内凹。口径11cm、底径10.5cm、高3.2cm，重113g。当时向日照市两城镇村民刘希凡征集所得，日照市博物馆收藏。国家三级文物。,口径11cm、底径10.5cm、高3.2cm，重113g,高*口径*底径：3.2*11*10.5,高*口径*底径：3.2*11*10.5
142DFD71E52349D2903F9584304DDFA0,新石器时代龙山文化红陶鬲,通高：38厘米  红陶，折沿平口方唇，短颈，颈部下饰两三角形，穿鼻，分裆袋足肥硕。体饰横向纵向斜向细绳纹。,通高：38厘米,口径:29.5-30.5,口径:29.5-30.5，通高：38厘米
176feb66f389486f8e7c268fc7c14e60,新石器时代大汶口文化白陶杯," 为新石器时代大汶口文化陶杯，1977年陵阳河遗址出土。器物口径10厘米，腹深9.4厘米，足径8.8厘米，高12厘米。夹砂白陶，喇叭口，束腰，深腹，喇叭形圈足。腹饰滚压纹。
与此件器物一桶出土的还有多件白陶杯，造型都非常别致，为同时期不多见的精品。此组器物与陶鬹、黑陶杯等陶器的出土反映了莒地制陶业十分发达，陶器品种多样，造型丰富多彩。从手制到轮制，快轮制陶，是当时技术上的一次飞跃，在烧制技术上，已能控制炉温，烧制出红、白、灰、黑不同颜色的陶器。特别蛋壳陶的出土证明莒地制陶技术高超，在整个中华史前文化中处于遥遥领先的地位。制陶的专业化，促进了人类社会的第二次大分工。",器物口径10厘米，腹深9.4厘米，足径8.8厘米，高12厘米,口径10、腹深9.4、足径8.8、高12,口径10、腹深9.4、足径8.8、高12
1934ba0f587f4df19056cdd724bf3fae,蒜头瓶,尺寸：12*12(cm)，重量：30kg，上部呈蒜头型，溜肩，鼓腹，平底。,尺寸：12*12(cm),12*12(cm),12*12(cm)
196156D1D04942F5AFD8305B9647A24E,新石器时代龙山文化红陶器盖,上径：6厘米，下径：17厘米，高：10.7厘米。夹砂红陶，盖上饰2盲鼻，器物盖。,上径：6厘米，下径：17厘米，高：10.7厘米,上径：6，下径：17，高：10.7,上径：6，下径：17，高：10.7
1B25EA0456AE4A9E8BAEBC75D501BE4E,新石器时代龙山文化镂孔高柄杯,  通高30厘米，口径9厘米，重80克，侈口，尖唇，深腹，环底。中部为细长的高柄，中间粗两端略收，为鼓形，上饰有镂空竖排圆孔、菱形孔，底座为盘状，杯腹饰有缠绕阴刻弦纹，外表精美而细致，漆黑光亮。,通高30厘米，口径9厘米，重80克,,通高30厘米，口径9厘米
1F313293F58E4F6DBE35C457C19BCDFF,新石器时代大汶口文化白陶杯,通高9厘米，腹围25.5厘米，口径7.3厘米，重量190克，侈口，直颈微弧，鼓腹、平底，在折形腹下居一环形柄。造型优美大方、小巧玲珑。,通高9厘米，腹围25.5厘米，口径7.3厘米，重量190克,口径7.50；腹围25.50,口径7.50（另有人测得口径7.3厘米）；腹围25.50，通高9厘米
1bcc5dabea99421caf71df2c13af4453,新石器时代龙山文化黑陶罍,新石器时代龙山文化，酒器或水器。泥质黑陶，直口，尖唇，高领，圆肩鼓腹，下腹内收，平底内凹。领上饰一周凸弦纹，肩腹饰对称纵向分布的两对贯耳并饰多道凹弦纹。口径6.8cm、底径7cm、高15.1cm，重270g。由山东大学东方考古研究中心发掘于日照两城镇遗址，2004年拨交，日照市博物馆收藏。国家二级文物。,口径6.8cm、底径7cm、高15.1cm，重270g,高15.1，口径6.8，底径7,高15.1，口径6.8，底径7
1c622d4bc9a9422286500a19f06d0f45,灰陶壶,尺寸：12*12(cm)，重量：2kg，口微收，束颈，圆肩，鼓腹，小平底。,尺寸：12*12(cm),12*12(cm),12*12(cm)
1e38b43503e54ac1bb86c12281e45ae8,新石器时代龙山文化灰陶鬲,"新石器时代龙山文化。炊器。夹砂灰陶，侈口，斜折沿，方唇，分裆，三袋足，唇的下缘有一周凹槽，腹上部有凸棱一周、盲鼻一对及贯耳一对，耳上有四道凹槽。山东大学东方考古研究中心于日照两城镇遗址发掘，修复后于2004拨交给日照市博物馆收藏。国家二级文物。此件陶鬲体型较大，为同时期出土陶鬲之罕见，对研究史前时期鬲的发展具有重要学术价值。
鬲，新石器时代晚期出现，商周时期继续流行。其形状多为侈口、圆腹、三个袋状足，有的颈部有双耳。使用时，在三个袋状足下直接燃火煮食。鬲有实用器与明器之分。实用多为夹砂陶，胎质坚硬器壁较厚；明器则多为泥质陶，火候较低，胎质疏松，表面打磨得很光滑，有的还用红、白二种颜色绘出各种纹饰。器形与鼎相近，区别在鼎有实足，鬲是袋形足。从其相似的功能与形状来看，鼎应该是由鬲发展而来。一般来说，腿长裆深的陶鬲年代都早，可以直接支在地上，便于填柴引火。后来，随着灶台的广泛使用，陶鬲的腿的功能逐渐淡化，遂成为锅釜，也就是所谓“破釜沉舟”的“釜”。",此件陶鬲体型较大,高45.5，口径36，裆高17,高45.5，口径36，裆高17
20849DB0CF474F8C85985B0354386DB6,新石器时代龙山文化黑陶双耳罍,"未定级，口径：11厘米，底径：8.7厘米，腹径：22.3厘米，高：18.8厘米。黑陶质地，侈口，素面，鼓腹，大贯耳，为古代盛器。
",口径：11厘米，底径：8.7厘米，腹径：22.3厘米，高：18.8厘米,口径：11，底径：8.7，腹径：22.3，高：18.8,口径：11，底径：8.7，腹径：22.3，高：18.8
210E449DF58B436C8CDB167CACCDADF1,新石器时代龙山文化黑陶盒,未定级，口径：19.5厘米，底径：15厘米，高：12厘米。黑陶质地，子母口沿，腹部两侧各一大贯耳，饰1周凸弦纹，为盛器。,口径：19.5厘米，底径：15厘米，高：12厘米,口径：19.5，底径：15，高：12,口径：19.5，底径：15，高：12
21e9bec1f82e4194a2e527f6043edb7a,新石器时代龙山文化竹节纹蛋壳陶高柄杯,竹节纹蛋壳陶高柄杯  通高17.7cm、口直径10.7cm、口内径5.6cm、底径6.7cm、重94.5g。该杯细泥质磨光黑陶，全器轮制，器壁较薄；盘口大沿、深腹、尖底，杯胆呈长圆锥体，插入中空细高柄内，柄部饰细弦纹，竹节6节，小喇叭圈足；器形与器座系分制粘合。,通高17.7cm、口直径10.7cm、口内径5.6cm、底径6.7cm、重94.5g,外口径*内口径*底径：10.7*5.6*6.7,外口径*内口径*底径：10.7*5.6*6.7，通高17.7cm
2258f5814eda4d0296ee402e58a9482b,新石器时代龙山文化双耳陶壶,新石器时代龙山文化，酒器或水器。泥质黑陶，侈口，高领，鼓腹，假圈足，腹部饰有一对贯耳，有多道竖压印纹。口径3.7cm、腹径5.3cm、底径3.3cm、高6.4cm，重50g。1978年采集于日照尧王城遗址，日照市博物馆收藏。国家二级文物。,口径3.7cm、腹径5.3cm、底径3.3cm、高6.4cm，重50g,高*口径*底径*腹径：6.4*3.7*303*5.3,高*口径*底径*腹径：6.4*3.7*3.3*5.3
2F3364BEE1BD4B8E8599A6A2BF4D04D8,新石器时代大汶口文化黑陶壶,敞口、直颈、柳肩、折腹、平底，颈腹衔接处饰弦纹两周。通高14厘米，重172克。造型小巧玲珑，美观秀气。,通高14厘米，重172克,,通高14厘米
3063e6ad9a1547eca51482572e153955,新石器时代大汶口文化黑陶高柄杯,"新石器时代大汶口文化黑陶高柄杯，1983年陵阳河遗址出土。口径7.3厘米，高22.3厘米，底径6.5厘米。泥质黑陶。喇叭口，柄上细下粗，喇叭形足，柄自上至下饰滚压纹，并竖排列对称圆孔两排。
成套酿酒器的出土代表莒人在5000年前就已经成熟掌握酿酒技术，根据考证和多次实验论证，当时的酿酒流程与当今百姓自己酿造黄酒或者米酒的流程相差无几。在陵阳河遗址的大墓中，酒具占所有陪葬品的百分之四十五以上，证明当时酿酒饮酒之风已经盛行。这一组是在陵阳河遗址中出土的黑陶高柄杯，制作精良，器形规整，特别是在柄中所作的镂孔既减轻了器物的重量更增加了它的美观性，据音乐界的有关专家研究，有的高柄杯柄部的孔洞可以吹奏出动听的乐曲。",口径7.3厘米，高22.3厘米，底径6.5厘米,口径7.3、高22.3、底径6.5,口径7.3、高22.3、底径6.5
312C297B6AC6445794AD8744595CD10D,新石器时代龙山文化黑陶单耳杯,"未定级，长：11厘米，宽：8.2厘米，高：13.5厘米。
磨光泥质黑陶，束腰 ，杯身刻有三组双弦纹，扁带形鋬，饮水器。",长：11厘米，宽：8.2厘米，高：13.5厘米,长：11，宽：8.2，高：13.5,长：11，宽：8.2，高：13.5
32E8374BDF354B4799333FA3F5B2515B,新石器时代龙山文化黑陶高柄杯,"新石器时代龙山文化蛋壳黑陶杯，1999年莒县东莞出土，口沿的厚度仅有0.3毫米，整个器物重量为49克还不足一两，快轮成型，在器物底座上部还装饰有不规则的镂孔，制作十分精致。人们赋予蛋壳黑陶杯“黑如漆，薄如纸，明如镜，硬如瓷”的美誉。
距今约4600—4000年。是黄河中下游地区新石器晚期的文化遗存，因首先在山东省章丘市龙山镇发现而得名。其社会经济更加发达。集中出现在莒地的蛋壳陶，将原始制陶技术推向巅峰。它是中国原始制陶的巅峰之作。",口沿的厚度仅有0.3毫米，整个器物重量为49克还不足一两,高*口径*底径：13.1*10.4*6,高*口径*底径：13.1*10.4*6
3700000201862104A090408112022718,新石器时代大汶口文化单把白陶杯,泥质白陶。直筒形，口微外侈，口径与高度大致相等，环形把，器壁匀薄素面磨光，近底部有划弦纹一周，陶质洁白。,口径与高度大致相等,"口径10.2,底径8.6","口径10.2,底径8.6"
3700000201862104A090408131348015,新石器时代大汶口文化红陶兽形器,"红陶兽形壶，新石器时代大汶口文化，通高21.8、通长22.3、体宽14.5、足高7.9-8.4厘米。1959年山东泰安大汶口遗址出土。酒器。夹砂红陶，通体磨光，圆面耸耳，遍施红色陶衣，光润亮泽。拱鼻，张口，鼓腹，四足，短尾上翘，耳穿小孔，背装弧形提手，尾根部一筒形注水口，可受水，嘴可出水，体肥壮，腹部鼓起加大了容积，四足立起便于加热，造型生动美观，近似猪或狗形。全器构思巧妙，即是使用器，又不失艺术情趣，准确的把握了动物各部位的比例结构和体形特征，表现出大汶口先民们高超的制陶水平。
",通高21.8、通长22.3、体宽14.5、足高7.9-8.4厘米,"通长22.3,体宽14.5,足高7.9-8.4","通长22.3,体宽14.5,足高7.9-8.4，通高21.8"
3700000201862104A090408152441015,新石器时代龙山文化棕红陶实足鬶,"新石器时代龙山文化棕红陶实足鬶
红陶鬶，新石器时代龙山文化（距今约4600～4000年），高30.5、腹径14.9、裆高5.3厘米。1960年山东潍坊姚官庄遗址出土。夹砂陶，圆唇，侈口，流斜向前，粗长劲，腹略鼓，实足。鋬上刻划斜凹弦纹，颈腹之间有明显的弦纹一周，腹两侧有半环形耳和乳钉纹饰，腹与袋足之间有凸弦纹一周，器表有火烧痕迹。",高30.5、腹径14.9、裆高5.3厘米,"腹径15.6,足高6","腹径15.6（另有人测得腹径14.9）,足高6，高30.5，裆高5.3厘米"
3700000201862104A090423144432247,新石器时代龙山文化灰陶熏炉,灰陶熏炉，新石器时代龙山文化（距今约4600～4000年），高16.6、腹径13.7厘米。山东潍坊姚官庄遗址出土。器身顶部有一小口，口微外侈。器身上部呈覆豆形。下部略收，底部中有一条形长孔，孔两侧有两根平行的泥条形座。器身周身饰圆形、半月形、椭圆形小镂孔。,高16.6、腹径13.7厘米,腹径13.7,腹径13.7，高16.6
3700000201862104A090423153605434,新石器时代龙山文化陶塑人面,陶塑人面，新石器时代龙山文化（距今约4600～4000年），高6.4、宽6厘米。1960年山东潍坊姚官庄遗址出土。泥质褐陶，两眼外凸，类似男性。神像的出现时代很早，龙山文化除了陶塑人面外，还发现过玉雕人面，应该为山东地区出现神像的肇始。,高6.4、宽6厘米,"最宽6.3,最厚2.8","最宽6.3,最厚2.8，高6.4、宽6厘米"
3700000201862104A090423155039965,新石器时代龙山文化蛋壳黑陶高柄套杯,"蛋壳黑陶高柄套杯，新石器时代龙山文化，口径12、内径4.9、通高16.9、柄高13.2厘米。1960年山东潍坊姚官庄遗址出土。酒器。泥质黑陶，漆黑光亮，巧妙的套杯组合形式，杯如草帽，宽沿、深腹，竹节纹细长柄，杯套入柄内。蛋壳陶杯壁薄如蛋壳，极轻极薄，采用快轮制作，器形更加规整和匀称，制作难度极高，如此轻薄，能够完整保存下来更是不易。作为龙山文化陶器的代表作，体现了新石器时代陶器制作的最高水平。

",口径12、内径4.9、通高16.9、柄高13.2厘米,"口径12,内径4.9,通高16.9,柄高13.2","口径12,内径4.9,通高16.9,柄高13.2"
3700000201862104A090423160817512,新石器时代龙山文化白陶鬶形盉,白陶鬶形盉，新石器时代龙山文化（距今4600～4000年），通高30.8、口径7.9、流长9.5、裆高6.7、盖径8.3厘米。1960年山东潍坊姚官庄遗址出土。白陶，夹砂。鸟喙形流上昂，圆唇，粗长颈，有三分裆式大袋足，纽绳式鋬连接颈与腹。口上有盖，盖与鬶颈上部各有一小孔，用于穿绳将盖与器身连接。器身饰乳钉纹和凸弦纹。该陶盉造型独特，为山东龙山文化的代表性器物之一。,通高30.8、口径7.9、流长9.5、裆高6.7、盖径8.3厘米,"口径7.9,通高30.8,流长9.5,裆高6.7,盖径8.3","口径7.9,通高30.8,流长9.5,裆高6.7,盖径8.3"
3700000201862104A090424151743359,新石器时代大汶口文化网纹彩陶背壶,彩陶背壶，新石器时代大汶口文化（距今约6100～4600年），口径10、腹径23、底径7.9、高30.6厘米。山东泰安大汶口遗址出土。泥质红陶，侈口、短颈、椭圆腹、平底，腹部一侧有宽带竖耳一对，另一侧一突钮。肩腹部绘两层上下交错的黑色连三角网纹，下层两竖耳一段绘菱形网纹。器形完整，彩绘精美。,口径10、腹径23、底径7.9、高30.6厘米,口径10  腹径23  底径7.9  高30.6,口径10  腹径23  底径7.9  高30.6
3700000201862104B100421143449390,新石器时代大汶口文化黑陶镂孔高柄盖杯,"泥质黑陶。陶质细腻,表面透黑,器壁匀薄,不超过2毫米,侈口,下部收折,杯身较深,空心镂孔细柄,柄上有三列对称圆形与三角形孔,前浅盘式圈足。通心高柄覆豆式盖。","器壁匀薄,不超过2毫米","口径7.7,足径6.8,高17.5-17.8，盖径8.3，盖高7.2","口径7.7,足径6.8,高17.5-17.8，盖径8.3，盖高7.2"
3700000201862104B100426155857937,新石器时代龙山文化鸟喙足鼎,"黑陶鼎，新石器时代龙山文化（距今约4600～4000年），口径17、高15、足高5.3厘米。1960年山东潍坊姚官庄遗址出土。这是一件圆腹鼎，泥质黑陶。侈口,短颈,圆腹,鸟喙形足,腹部饰有凸凹弦纹和乳钉纹,附有两耳。

",口径17、高15、足高5.3厘米,口径17、高15、足高5.3,口径17、高15、足高5.3
3700000201862104C100420180433515,新石器时代大汶口文化宽肩白陶壶,"泥质白陶。侈口,粗长颈,扁腹,腹部有棱脊一周,素面磨光,陶质洁白,器形较小。",器形较小,高14.7、口径8.5、底径6.2,高14.7、口径8.5、底径6.2
3f05f8d842fb4458b921c030ca03e34e,黑陶罐,尺寸：30*20(cm)，重量：3kg，敞口，深腹，下腹内收，小平底。,尺寸：30*20(cm),30*20(cm),30*20(cm)
43bef139edeb44f4845b2e869576df1d,龙山文化中晚期黑陶罍," 1977年11月9日出土于孙家集街道火山埠遗址。
 高31.4、口径11厘米",高31.4、口径11厘米,,高31.4、口径11厘米
4C93BBE279074E588FA757E5F91C07C3,新石器时代大汶口文化红陶罐,"2012年出土于界石旸里店遗址，现藏威海市文登区博物馆。
明器，陶质。夹砂红褐陶，敞口，圆唇，略束颈，鼓腹，平底，素面。口径7厘米，腹径8.8厘米，底径6厘米，通高8厘米。新石器时代大汶口文化时期。",口径7厘米，腹径8.8厘米，底径6厘米，通高8厘米。,口径：6.6腹深：6.8底径：5.7,口径：6.6（另有人测得口径7厘米）腹深：6.8，底径：5.7（另有人测得底径6厘米），腹径8.8厘米，通高8厘米
4c41bb8d0a774e33a00c5a4ba69f9838,新石器时代龙山文化磨光黑陶罍,磨光黑陶罍   通高15.9cm、腹径17.5cm、底径7.0cm、重553.5g。陶罍为细泥质磨光黑陶；尖唇、直口、斜折肩、收腹，下腹急内收，呈平底假圈足，肩与下腹部置有四个对称的器耳；器身素面，隐约可见快轮制作留下的玄纹；口部盖一盒形器盖，器盖顶置桥形钮。,通高15.9cm、腹径17.5cm、底径7.0cm、重553.5g,腹径*口径*内口径*盖外径*盖内径*底径：17.5*6.1*5.6*7.7*7.2*7,腹径*口径*内口径*盖外径*盖内径*底径：17.5*6.1*5.6*7.7*7.2*7，通高15.9cm
4d62f8be240f42e198234b73c53a8ec0,新石器时代龙山文化灰陶蒸箅,新石器时代龙山文化，炊器。夹砂灰陶质，中间有钮凸出，上镂有排列紧密地透孔。直径11.1cm、高3.5cm，重184g。由山东大学东方考古研究中心于日照两城镇遗址发掘，于2004年拨交，日照市博物馆收藏。国家三级文物。,直径11.1cm、高3.5cm，重184g,直径11.1，高3.5,直径11.1，高3.5
4f35b385d1ca4822bde222e91b5dd730,新石器时代大汶口文化三足红陶罐,此展品为新石器时代文物。高16.8厘米，腹径15.7厘米，口径9.5厘米，质量701克。红陶，侈口，高颈，鼓腹，平底，锥形足外撇，肩部和上腹部各饰两道弦纹，弦纹内有两圈戳印纹，腹部有两道凸棱，制作精美。微残，口部有八处残缺，一个足缺，一个足残。现收藏于烟台市牟平区博物馆。,高16.8厘米，腹径15.7厘米，口径9.5厘米，质量701克,"高16.8,腹径15.7,口径9.5","高16.8,腹径15.7,口径9.5"
5348744b000647da91e345d0c5cbf8d8,新石器时代大汶口文化白陶箅状封口鬹,"为新石器时代大汶口文化陶鬹，1977年莒县陵阳河遗址出土。夹砂白陶烧制。圆口。口上有盖封住，盖上有筛眼，口部向上斜伸出鸟喙形流，细颈，鼓腹，三袋足。颈腹间安宽鋬，腹部饰一周附加堆纹。此器物设计科学，制作精湛。
这件陶鬶器形不大，但是造型特别。在其口上边有盖子封住，并在盖子上锥孔。封口上的筛眼，在煮水时可透气，又非常讲究卫生，防止有灰尘或者异物落入陶鬶内，还能起到过滤的作用，可谓是一举三得。这件器物和白陶鬶等在同时期文化中仅此一例，实属罕见，颇为难的。",这件陶鬶器形不大,高23，流长3.6，口径最大9.6，腹径最大12,高23，流长3.6，口径最大9.6，腹径最大12
56b91553ccaf4e65a63770c606593478,新石器时代大汶口文化白陶单耳杯,"白陶单耳杯
大汶口文化
泰安大汶口遗址出土
泰安市博物馆收藏
杯高11.2厘米，口径7.4厘米，腹径8.2厘米，底径5.6厘米。侈口，单耳。
",杯高11.2厘米，口径7.4厘米，腹径8.2厘米，底径5.6厘米,口径7.4，腹径8.2，底径5.6,口径7.4，腹径8.2，底径5.6，杯高11.2厘米
59b2cf50d43545a8ae12e263cf4a6a35,大汶口文化彩陶壶,"1977年3月出土于孙家集街道后胡营遗址出土
   高18.1、铠甲9.5厘米",高18.1、铠甲9.5厘米,,高18.1、铠甲9.5厘米
5fff92b612a74a989f9ec4228e8ef710,新石器时代大汶口文化黑陶高领罐,容器。新石器时代大汶口文化遗存。1983年莒县杭头遗址出土。泥质黑陶，通体磨光。侈口，凸圆唇，高领，斜肩，收腹，小平底；肩部饰一周泥条状附加堆纹，腹饰篮纹，并有一对称的鸡冠钮。通高35.4、口径15.4、底径9.7厘米。该器通体黑亮、制作精湛，保存完好，十分罕见。,通高35.4、口径15.4、底径9.7厘米,高35.4、口径15.5、壁厚0.65,高35.4、口径15.5、壁厚0.65，底径9.7厘米
75b16c6c35eb4c08ac2f19e2939ce38c,大汶口文化晚期白陶高炳杯,"   高20.4、口径10厘米
  1977年11月出土于孙家集街道火山埠遗址",高20.4、口径10厘米,,高20.4、口径10厘米
7979C5B435204EC692D47D35842B2ED0,新石器时代龙山文化黑陶三对足香薰炉,"未定级，口径：8.5厘米，底径：8厘米，腹径：11.6厘米，高：9.8厘米。
泥质黑陶，罐形，子母口沿，三组对足，肩部均匀分布18个小孔，腹部饰2周弦纹。",口径：8.5厘米，底径：8厘米，腹径：11.6厘米，高：9.8厘米,口径：8.5，底径：8，腹径：11.6，高：9.8,口径：8.5，底径：8，腹径：11.6，高：9.8
7DE761E18BDB436DA9EF1488BE67BA78,新石器时代大汶口文化黄陶壶,"新石器时代大汶口文化时期
未定级
2012年出土于界石旸里店遗址，现藏威海市文登区博物馆。
明器，陶质。泥质灰陶，表面光滑，尖唇，敞口，口略残，外圆唇内尖唇，折腹，平底。口径5.6厘米，腹径6.8厘米，底径3.8厘米，通高6.9厘米。",口径5.6厘米，腹径6.8厘米，底径3.8厘米，通高6.9厘米。,口径：8.2腹径：9.5腹深：10.2底径：5.6,口径：8.2腹径：9.5腹深：10.2底径：5.6（另有人测得口径5.6厘米，腹径6.8厘米，底径3.8厘米，通高6.9厘米）
7d8ce187134d4412aa88300f22294fc8,新石器时代龙山文化竹节纹蛋壳陶高柄杯,竹节纹蛋壳陶高柄杯  通高21.57cm、口直径12.85cm、内口径5.4cm、底径6.6cm、重104g。该杯细泥质磨光黑陶，全器轮制，器壁较薄；盘口大沿、深腹、尖底，杯胆呈长圆锥体，插入中空细高柄内，柄部饰细弦纹，竹节7节，小喇叭圈足；器形与器座系分制粘合。,通高21.57cm、口直径12.85cm、内口径5.4cm、底径6.6cm、重104g,外口径*内口径*底径：12.85*5.4*6.6,外口径*内口径*底径：12.85*5.4*6.6，通高21.57cm
7db8cb2d4594444d8ef36f8bc18436d6,龙山文化蛋壳陶杯蛋壳陶杯,"1974年6月20日出土于化龙镇埠子顶遗址
高14.2、口径12.4厘米，盘口薄0.3、底座薄0.8毫米",高14.2、口径12.4厘米，盘口薄0.3、底座薄0.8毫米,,高14.2、口径12.4厘米，盘口薄0.3、底座薄0.8毫米
7dd9fda13a674bcdbfe13a3bd50569fd,新石器时代龙山文化圈足陶盘,新石器时代龙山文化，盛器。泥质黑陶，直口微敛，平折沿，方唇，上腹壁较直，下腹斜收，高圈足，圈足外撇，圈足有两个对称的镂孔。口径33cm、底径25.7cm、腹深6cm、高17.5cm、足高11cm，重1772g。山东大学东方考古研究中心于日照两城镇遗址发掘，修复后于2004年拨交，日照市博物馆收藏。国家二级文物。,口径33cm、底径25.7cm、腹深6cm、高17.5cm、足高11cm，重1772g,高17.5，口径33，底径25.7，足高11，腹深6,高17.5，口径33，底径25.7，足高11，腹深6
83BE1A8EB26A47709B4763B203C60E83,新石器时代北辛文化红陶鼎,"未定级，口径：12.5厘米，腹径：17.8厘米，高：17厘米。
夹砂红陶，侈口，折腹下渐收成平底，三饰戳划纹的扁凿足，由折腹处支撑器身，炊煮器。
",口径：12.5厘米，腹径：17.8厘米，高：17厘米,口径：12.5，腹径：17.8，高：17,口径：12.5，腹径：17.8，高：17
8736b67d72c0404ea40a684429c3b3e0,新石器时代大汶口文化四钮筒形红陶罐,此展品为新石器时代文物。 高17.7厘米，腹径15.6厘米，口径12.4厘米，质量1148克。夹砂红陶，方唇，敛口，直腹，圜底，上腹饰四个对称钮，内有水垢，使用痕迹明显，制作精美。基本完整，有4道裂缝。现收藏于烟台市牟平区博物馆。,高17.7厘米，腹径15.6厘米，口径12.4厘米，质量1148克,"高17.7,腹径15.6,口径12.4","高17.7,腹径15.6,口径12.4"
8813991421974fc6ae985b8e56f98e7b,新石器时代大汶口文化刻陶文“拍”“丁”灰陶尊,礼器。新石器时代大汶口文化遗存。1976年莒县陵阳河遗址出土。夹砂灰陶。方唇，折沿，深直腹，尖底，腹的上下各饰有两道凹弦纹，弦纹间饰有两层圆圈纹。腹的上部刻有“”形，通体饰篮纹。器通高60、口径29.4、壁厚2.4厘米。保存较好。,器通高60、口径29.4、壁厚2.4厘米,,器通高60、口径29.4、壁厚2.4厘米
97cd990698544433ac7676cb2b523d48,新石器时代龙山文化黑陶尊形器,新石器时代龙山文化，盛贮器。泥质黑陶，侈口，方唇，斜折沿，腹向下斜收，底座为方唇台阶状外凸，唇上缘有一周凹槽，器身上有多道凹弦纹。口径22.1cm、底径16.3cm、高30cm，重1541g。2001年由山东大学东方考古研究中心于日照两城镇遗址发掘，修复后于2004年拨交，日照市博物馆收藏。国家三级文物。,口径22.1cm、底径16.3cm、高30cm，重1541g,高30，口径22.1，底径16.3,高30，口径22.1，底径16.3
9aa49e35723d4d21ad10428348eeb45c,龙山文化白陶鬶,"   高28.4、口径10.4厘米
   1977年11月出土于孙家集街道火山埠遗址",高28.4、口径10.4厘米,,高28.4、口径10.4厘米
9d1ff4f7f01940eab82539c3fceecf72,大汶口文化陶胚,尺寸：30*20(cm)，重量：1kg，制陶拉胚工具,尺寸：30*20(cm),30*20(cm),30*20(cm)
A35948EDC4444AB8ABD4B13FF392D439,新石器时代大汶口文化白陶背壶,"白陶背壶   
大汶口文化（距今约6500~4500年）
1959年山东泰安大汶口遗址出土
济南市博物馆收藏
高20厘米、口径10.8厘米、底径6.8厘米。夹砂白陶。敞口，粗颈，斜肩，平底。腹部一面圆鼓，一面扁平，鼓腹中部有尖状鼻纽，两侧置一对环形耳，便于穿绳背负。其陶色莹白，质地细腻，设计十分巧妙。陶背壶是新石器时代晚期出现的便携式盛水器，随着社会的发展，它的器形越来越小，逐渐失去了实用功能。",高20厘米、口径10.8厘米、底径6.8厘米。,口径10.8，底径6.8，腹围47,口径10.8，底径6.8，腹围47，高20厘米
BA6C10CBE7914E9B8621BC018842782B,新石器时代龙山文化折沿罐形鼎,新石器时代龙山文化折沿罐形鼎高*口径：13.5*19，口沿微残，鼎足残损，器身附着海洋附生物。,高*口径：13.5*19,高*口径：13.5*19,高*口径：13.5*19
C656B7D2F0E6407BB70596344CE2F154,新石器时代大汶口文化白陶单耳杯,通高15.5、口径8、足径6.8、腹径8.8厘米。敞口，长颈向内斜收，溜肩，扁圆腹，圜底。喇叭状圈足，上有一小圆孔。下腹部有一环形耳。,通高15.5、口径8、足径6.8、腹径8.8厘米。,口径:8，足径:6.8，腹径：8.8,口径:8，足径:6.8，腹径：8.8，通高15.5
D3F6F20E44AD4A79A3E81C2FEA348DCE,新石器时代龙山文化黑陶蛋壳高柄杯,桓台李寨遗址出土。整个器形可分为两段，上部为一敞口杯，下部为一筒形镂空座。矮圈足，整个器物有四层弦纹，两层镂空。口沿最薄处仅0.01厘米，杯体最厚处0.03厘米，是典型的龙山文化蛋壳陶。,口沿最薄处仅0.01厘米，杯体最厚处0.03厘米,高*口径*底径：12*11*4.6,高*口径*底径：12*11*4.6
D9553EDA8DEF4A8E8AD5CEB8DD17455C,新石器时代大汶口文化红陶壶,"新石器时代大汶口文化时期
未定级
2012年出土于界石旸里店遗址，现藏威海市文登区博物馆。
明器，陶质。泥质红陶，尖唇，敞口，折腹，下腹向下内收，折痕明显，平底。口径7.4厘米，腹径8厘米，底径5.8厘米，通高10.9厘米。",口径7.4厘米，腹径8厘米，底径5.8厘米，通高10.9厘米。,口径：7.3腹径：8.1腹深：10.3底径：4.7,口径：7.3（另有人测得7.4），腹径：8.1（另有人测得8），腹深：10.3底径：4.7（另有人测得5.8），通高10.9厘米
E5812DC0FFD54BE5B14A77FA5EC9B128,新石器时代龙山文化红陶鬶,鬶  龙山文化  泥质红陶，长流斜上，粗颈，腹部饰凸弦纹一圈，流下对称有圆饼饰，分裆乳状袋足。通高35厘米。原馆藏。,通高35厘米,,通高35厘米
F5B4B9179C6841B3ADC3AFCF0CEF1289,新石器时代大汶口文化夹砂红陶罐,"新石器时代大汶口文化时期
未定级
2012年出土于界石旸里店遗址，现藏威海市文登区博物馆。
明器，陶质。夹砂红褐陶，敞口，尖唇高领，折沿，平底，素面。口径9.8厘米，腹径10.4厘米，底径6厘米，通高8.6厘米。",口径9.8厘米，腹径10.4厘米，底径6厘米，通高8.6厘米。,口径：7.0腹径：8.5腹深：6.9底径：5.8,口径：7.0腹径：8.5腹深：6.9底径：5.8（另有人测得口径9.8厘米，腹径10.4厘米，底径6厘米，通高8.6厘米）
FA8DED0D112B4F8DAE05DF0CC6156CB7,新石器时代大汶口文化陶纺轮,纺轮  大汶口文化  泥质灰陶，圆形中有一孔，纺纱工具。直径5.5厘米，原馆藏。,直径5.5厘米,直径5.00；厚1.40,直径5.00（另有人测得5.5）；厚1.40
a1b4a4ff00894cae95edb113a8bd3fb4,新石器时代龙山文化磨光黑陶盖鼎,磨光黑陶盖鼎，通高22cm、外口径16.2cm、内口径15cm、盖高5.6cm、钮高1.9cm、重477.5g。该鼎为细泥质黑陶；敞口、圆唇卷沿、浅腹，腹饰一周凸弦纹，平底，下附瘦长鸟首形足；覆碗形盖，盖顶附桥形钮。,通高22cm、外口径16.2cm、内口径15cm、盖高5.6cm、钮高1.9cm、重477.5g,口径*内口径*盖高*钮高：16.2*15.0*5.6*1.9,口径*内口径*盖高*钮高：16.2*15.0*5.6*1.9，通高22cm
a220533e828e4959a6ebbc719c7e7250,新石器时代龙山文化太阳纹陶片,"残长*残宽*厚：13.1*12.8*0.9
1986年出土于边线王遗址",残长*残宽*厚：13.1*12.8*0.9,,残长*残宽*厚：13.1*12.8*0.9
b2d80f6f101c46c1b01725edd1375eb3,新石器时代大汶口文化刻陶文“昃”灰陶尊,"为新石器时代大汶口文化陶尊。1962年陵阳河遗址出土。器物高51厘米，口径30厘米，壁厚1.5厘米。夹砂灰陶，平口，折沿，方唇，深直腹渐收成尖底，腹饰篮纹，腹下部饰两道凸弦纹，腹上阴刻“昃”陶文。
此陶文表示太阳中天，即达到一天中太阳最高的位置。由于一年之中，中天太阳的最高和最低分别对应着夏至和冬至。可用这种方法来确定二至的来临。夏至和冬至祭天的习俗在莒地广为延续。该陶文实际是用来祭祀夏至和冬至的祭文。与陶文“旦”的出土和莒地祭祀太阳神和祭祀天的习俗，证明莒之先民早在5000年前就通过观察太阳的位置，发现了春、夏、秋、冬的天文现象，以此来确定春播夏种的农耕时节，从而使莒地史前的农耕文化得以繁荣发展。《周易·本》说：“日中则昃”。此陶文解释为“昃”字。",器物高51厘米，口径30厘米，壁厚1.5厘米,高52，口径34.5，壁厚1.5,高52（另有人测得51），口径34.5（另有人测得30），壁厚1.5
b9bd4a5b676e486e879f90538cc237ea,新石器时代龙山文化黑陶盖鼎,黑陶盖鼎，通高17.6cm、口径15.6cm、鼎高11.5cm、盖高6.1cm、重455g。该鼎为细泥黑陶，覆碗形盖，盖顶附桥形把手；鼎身敞口圆唇卷沿，浅腹，腹饰一周凸弦纹，平底，下附三瘦长鸟首形足。,通高17.6cm、口径15.6cm、鼎高11.5cm、盖高6.1cm、重455g,口径*鼎高*盖高：15.6*11.5*6.1,口径*鼎高*盖高：15.6*11.5*6.1，通高17.6cm
bc364728c1884104868da57ccb91c35a,新石器时代大汶口文化刻陶文“旦”灰陶尊,"为新石器时代大汶口文化陶尊。1960年陵阳河遗址出土。器物高52厘米，口径30厘米，壁厚3厘米。夹砂灰陶，口沿外折，深直腹。下部渐收成尖底。器物烧制火候较高，胎骨坚硬，周身装饰浅篮纹，腹部刻有陶文
在莒县的陵阳河和大朱家村遗址正东方，分别耸立着寺崮山和屋楼崮两座山峰。在每年春分和秋分时节，早晨太阳从峰顶冉冉升起，就依稀呈现出陶文所刻画的形象。古文字学家于省吾先生将其解释为“旦”字。上部分的圆形代表太阳，中间的部分为云气，下部分像山峰。这正是早晨山上云气承托着初出山的太阳冉冉升起的旦明景象，宛然如绘。这是莒地先民“日出而作、日落而息”长期观察太阳发现了春秋二分的天文奥妙，图像文字“旦”字的刻画是东海之滨的莒人为祭祀太阳神，因形见义，随体诘诎的杰作。它最初应该是祭祀用到的祭文，反映一个事物，随着汉字的发展，而后演化成一个单字，用来描述一个场景亦或是一个意境。他已经具备了汉字音、形、义的因素，并正向臻于成熟的汉字发展。与甲骨文极为相近，但却比甲骨文早1500多年。经过近50年各界专家的研究探讨，它无疑是汉字的祖型，是中国民族5000年前由蒙昧进入文明的标志。",器物高52厘米，口径30厘米，壁厚3厘米,高60，口径30，壁厚3,高60（另有人测得52），口径30，壁厚3
bfcb68654d18476bb53a7530d3452e71,新石器时代龙山文化黑陶盆,新石器时代龙山文化，盛器。泥质黑陶，敞口，圆唇，收腹，平底微内凹，素面。口径32.3cm、底径24.4cm、高9cm，重1201g。由山东大学东方考古研究中心于日照两城镇遗址发掘，修复后于2004年拨交，日照市博物馆收藏。国家二级文物。,口径32.3cm、底径24.4cm、高9cm，重1201g,高9，口径32.3，底径24.4,高9，口径32.3，底径24.4
c209f3fbf25d42d5a69f52baa7815426,红陶鬶,"未定级，长：19.4厘米，宽：15.8厘米，高：41厘米。
夹砂红陶，冲天流，细长颈，分档，圆唇，口沿和流结合处两侧各一泥饼，腹部两侧各1泥饼，腹部泥饼下方饰2周凸弦纹，后足饰1周凸弦纹，后足上设1宽带形鬶鋬，炊煮器。",长：19.4厘米，宽：15.8厘米，高：41厘米,,长：19.4厘米，宽：15.8厘米，高：41厘米
c3e22b966eb743dda05b272f86e1d96d,三足陶鬲,尺寸：40*30(cm)，重量：2kg，口微外撇，鼓腹，三袋型足。,尺寸：40*30(cm),40*30(cm),40*30(cm)
c63903fe68f344b490a66739058de72a,新石器时代大汶口文化黑陶豆,"        高19.2、口径21.2厘米
       1977年11月出土于孙家集街道火山埠遗址",高19.2、口径21.2厘米,,高19.2、口径21.2厘米
d42614f78b0e4380a421b532859b0030,红陶鬶,尺寸：6*6(cm)，重量：2.2kg，盘口，束颈，圆肩，鼓腹，小平底。,尺寸：6*6(cm),6*6(cm),6*6(cm)
e6897cb4c55047dfb19f5d88dff01a2e,新石器时代大汶口文化刻陶文“斤”灰陶尊,"新石器时代大汶口文化陶尊。1960年莒县陵阳河遗址出土。通高54、口径37、壁厚1.2厘米。夹砂灰陶。方唇，折沿，深直腹，尖底，腹下饰有两道凸弦纹，腹上部刻有“斤”形，通体饰篮纹。保存较好。
从陶文形状上来看像是一个带刃的兵器，用以砍杀，与使用的鹿角镐和带柄的石锛类似。古代文献记载：“蚩尤作兵，两手捧斤”。这句话延续到现在来看，汉字中“兵”的写法依然是上部分为“斤”，下边一横两点，像一个人双手举斤。故将此陶文解释为“斤”字。由于斤经常使用，为保持其锋利还需要常常磨刃，所以斤的刃部锃光明亮，并由明亮色白的形象产生了明白的含义，转为明察和重量清楚的意思，所以在典籍《诗·周颂》里说“斤斤其明”。由此推断，墓主人生前曾主管度量衡，负责过粮食与肉类重量的衡量，这件陶尊以及陶文“斤”字就是表示他身份和权利的器物。",通高54、口径37、壁厚1.2厘米,高43.5，口径38.5，壁厚0.7，底径5,高43.5，口径38.5（另有人测得37），壁厚0.7，底径5
f460c3ac15a040558ad8bf66b8513664,新石器时代龙山文化线刻画纹夹砂灰褐陶器,高12.8厘米。夹砂灰陶，呈倒圆锥形，顶部圆而平，下端圆而尖。顶端中央有一圆孔，斜着通向下端的一侧，围绕顶端圆孔有阴线刻的连续的曲线。一个侧面呈弧形，一个侧面由顶端向下斜切掉约三分之一，形成一个斜面，上面有阴线刻的图案。,高12.8厘米,长12.8，宽8，厚5.8,
fbf2dfc78ee94fc88cd02e717fbbbbbc,新石器时代大汶口文化白陶双鋬鬹,"为新石器时代大汶口文化陶鬹，1977年莒县陵阳河遗址出土。器物通高34厘米，口径最大10.7厘米，腹径最大152.厘米。夹砂白陶烧制而成，是用来盛水的炊具。椭圆形口，鸟喙形流上翘，颈部细而高，腹部微鼓，三袋足。背部安两带形鋬，鋬各饰三条凹线，腹中部饰一周附加堆纹，后部饰一短尾，其上有四条凹线，胸前正中饰一盲鼻，两侧饰对称小圆饼形。
流口和颈部像是昂起的鸟头和鸟脖子，背部的双鋬像是鸟的一对翅膀，腹部后方装饰以突出的板用以显示鸟的尾巴。整个器物构思巧妙、造型生动、制作精美。东夷民族以鸟为图腾，故创造出有鸟元素的器物作为日常生活用具，这是莒人崇尚鸟图腾的真实物证。除白陶鬶之外，在盖杯的造型上，也将杯盖上面的钮制作成鸟头的形象，造型颇为精巧。",器物通高34厘米，口径最大10.7厘米，腹径最大152.厘米,通高34，口径最大10.8，腹径最大15.2,
